0,1
"[0.739542225730071, 0.7205998421468035, 0.7261247040252565, 0.7313609467455622, 0.7254437869822485]","[0.7066246056782335, 0.7444794952681388, 0.7160883280757098, 0.7377567140600316, 0.7330173775671406]"
"[0.7813733228097869, 0.7209944751381215, 0.7257300710339384, 0.7783037475345168, 0.7751479289940828]","[0.7618296529968455, 0.7444794952681388, 0.7160883280757098, 0.7709320695102686, 0.7772511848341233]"
"[0.7809786898184689, 0.5, 0.7742699289660616, 0.7735700197238659, 0.7739644970414201]","[0.7539432176656151, 0.5, 0.7744479495268138, 0.7661927330173776, 0.7725118483412322]"
"[0.7355958958168903, 0.7742699289660616, 0.7750591949486977, 0.7838264299802762, 0.6986193293885602]","[0.7003154574132492, 0.7854889589905363, 0.7712933753943217, 0.764612954186414, 0.6761453396524486]"
"[0.7805840568271507, 0.77663772691397, 0.7750591949486977, 0.744378698224852, 0.7708086785009862]","[0.7539432176656151, 0.7933753943217665, 0.7712933753943217, 0.7503949447077409, 0.7709320695102686]"
"[0.7817679558011049, 0.7719021310181531, 0.7782162588792423, 0.7822485207100591, 0.7755424063116371]","[0.7476340694006309, 0.7902208201892744, 0.7760252365930599, 0.7661927330173776, 0.7772511848341233]"
"[0.7790055248618785, 0.7726913970007893, 0.7774269928966061, 0.7830374753451677, 0.778698224852071]","[0.7523659305993691, 0.7839116719242902, 0.7728706624605678, 0.764612954186414, 0.7740916271721959]"
"[0.7719021310181531, 0.7703235990528808, 0.7790055248618785, 0.7806706114398422, 0.7790927021696252]","[0.7365930599369085, 0.7854889589905363, 0.7744479495268138, 0.7693522906793049, 0.7740916271721959]"
"[0.7801894238358327, 0.7730860299921073, 0.739542225730071, 0.7838264299802762, 0.7775147928994083]","[0.7460567823343849, 0.7902208201892744, 0.7602523659305994, 0.7630331753554502, 0.7756714060031595]"
"[0.7679558011049724, 0.7730860299921073, 0.7778216258879243, 0.7794871794871795, 0.7759368836291913]","[0.7381703470031545, 0.7839116719242902, 0.7760252365930599, 0.764612954186414, 0.7804107424960506]"
"[0.7813733228097869, 0.7738752959747435, 0.7758484609313339, 0.7775147928994083, 0.7712031558185405]","[0.7570977917981072, 0.7886435331230284, 0.7712933753943217, 0.7661927330173776, 0.7804107424960506]"
"[0.7801894238358327, 0.7762430939226519, 0.7758484609313339, 0.7783037475345168, 0.7696252465483234]","[0.7476340694006309, 0.7870662460567823, 0.7649842271293376, 0.7677725118483413, 0.7756714060031595]"
"[0.7833464877663773, 0.7726913970007893, 0.7790055248618785, 0.7751479289940828, 0.7790927021696252]","[0.7539432176656151, 0.7949526813880127, 0.7665615141955836, 0.764612954186414, 0.7740916271721959]"
"[0.7782162588792423, 0.7734806629834254, 0.7742699289660616, 0.7814595660749507, 0.7727810650887574]","[0.7460567823343849, 0.7854889589905363, 0.7744479495268138, 0.7709320695102686, 0.7772511848341233]"
"[0.7801894238358327, 0.7687450670876085, 0.77663772691397, 0.7767258382642998, 0.7763313609467456]","[0.750788643533123, 0.7902208201892744, 0.7854889589905363, 0.7661927330173776, 0.7819905213270142]"
"[0.7794001578531965, 0.7726913970007893, 0.7754538279400158, 0.7806706114398422, 0.7719921104536489]","[0.7460567823343849, 0.7886435331230284, 0.7728706624605678, 0.7693522906793049, 0.7788309636650869]"
"[0.7809786898184689, 0.7754538279400158, 0.7774269928966061, 0.7747534516765286, 0.7751479289940828]","[0.7476340694006309, 0.7854889589905363, 0.7744479495268138, 0.764612954186414, 0.7819905213270142]"
"[0.7833464877663773, 0.7734806629834254, 0.7778216258879243, 0.7775147928994083, 0.7763313609467456]","[0.7555205047318612, 0.7886435331230284, 0.7712933753943217, 0.7630331753554502, 0.764612954186414]"
"[0.7695343330702447, 0.7131018153117601, 0.7383583267561168, 0.7838264299802762, 0.7775147928994083]","[0.7365930599369085, 0.7318611987381703, 0.7271293375394322, 0.7630331753554502, 0.7756714060031595]"
"[0.7845303867403315, 0.7746645619573796, 0.7797947908445146, 0.7747534516765286, 0.7696252465483234]","[0.7618296529968455, 0.7870662460567823, 0.777602523659306, 0.764612954186414, 0.7725118483412322]"
"[0.7797947908445146, 0.7754538279400158, 0.7801894238358327, 0.7790927021696252, 0.7727810650887574]","[0.7476340694006309, 0.7854889589905363, 0.7712933753943217, 0.7693522906793049, 0.7804107424960506]"
"[0.7880820836621941, 0.7754538279400158, 0.7786108918705604, 0.7861932938856016, 0.778698224852071]","[0.749211356466877, 0.7933753943217665, 0.7823343848580442, 0.7867298578199052, 0.7819905213270142]"
"[0.7640094711917916, 0.7995264404104183, 0.7959747434885557, 0.7889546351084813, 0.5001972386587771]","[0.7318611987381703, 0.7996845425867508, 0.7949526813880127, 0.7867298578199052, 0.49921011058451814]"
"[0.7943962115232833, 0.8070244672454617, 0.7967640094711917, 0.7964497041420119, 0.7905325443786982]","[0.7902208201892744, 0.7791798107255521, 0.7933753943217665, 0.7946287519747235, 0.7867298578199052]"
"[0.7920284135753749, 0.8007103393843725, 0.7892659826361483, 0.5001972386587771, 0.7850098619329389]","[0.7539432176656151, 0.7886435331230284, 0.7807570977917981, 0.49921011058451814, 0.7788309636650869]"
"[0.7936069455406471, 0.7703235990528808, 0.7865035516969219, 0.7913214990138067, 0.7842209072978303]","[0.7539432176656151, 0.7854889589905363, 0.7712933753943217, 0.8009478672985783, 0.7725118483412322]"
"[0.8022888713496449, 0.7699289660615627, 0.7951854775059195, 0.7917159763313609, 0.7767258382642998]","[0.7649842271293376, 0.7823343848580442, 0.7870662460567823, 0.7788309636650869, 0.7709320695102686]"
"[0.7959747434885557, 0.7924230465666929, 0.797947908445146, 0.7873767258382643, 0.7932938856015779]","[0.7760252365930599, 0.7823343848580442, 0.7902208201892744, 0.7630331753554502, 0.7740916271721959]"
"[0.7951854775059195, 0.7888713496448303, 0.8014996053670087, 0.7932938856015779, 0.7980276134122288]","[0.7681388012618297, 0.7870662460567823, 0.8012618296529969, 0.7851500789889415, 0.8072669826224329]"
"[0.7892659826361483, 0.8003157063930545, 0.7821625887924231, 0.7739644970414201, 0.780276134122288]","[0.7602523659305994, 0.8123028391167192, 0.7902208201892744, 0.7614533965244866, 0.7756714060031595]"
"[0.7920284135753749, 0.7951854775059195, 0.8022888713496449, 0.7980276134122288, 0.7846153846153846]","[0.7602523659305994, 0.7965299684542587, 0.7870662460567823, 0.7851500789889415, 0.7804107424960506]"
"[0.7991318074191003, 0.8078137332280979, 0.7790055248618785, 0.8031558185404339, 0.777120315581854]","[0.7570977917981072, 0.8028391167192429, 0.7902208201892744, 0.7962085308056872, 0.7693522906793049]"
"[0.7987371744277821, 0.8038674033149171, 0.7813733228097869, 0.7960552268244576, 0.780276134122288]","[0.7539432176656151, 0.7823343848580442, 0.7760252365930599, 0.7867298578199052, 0.7819905213270142]"
"[0.7955801104972375, 0.7790055248618785, 0.7995264404104183, 0.7940828402366864, 0.7719921104536489]","[0.7791798107255521, 0.7949526813880127, 0.7886435331230284, 0.7819905213270142, 0.7819905213270142]"
"[0.7861089187056038, 0.7825572217837411, 0.8018942383583267, 0.7810650887573964, 0.7964497041420119]","[0.7602523659305994, 0.7933753943217665, 0.7902208201892744, 0.7661927330173776, 0.8135860979462876]"
"[0.7675611681136543, 0.7746645619573796, 0.7943962115232833, 0.8023668639053254, 0.7921104536489152]","[0.7365930599369085, 0.7917981072555205, 0.7823343848580442, 0.7804107424960506, 0.8009478672985783]"
"[0.7900552486187845, 0.8058405682715075, 0.7928176795580111, 0.7921104536489152, 0.7992110453648915]","[0.7570977917981072, 0.7949526813880127, 0.7933753943217665, 0.7772511848341233, 0.8120063191153238]"
"[0.813733228097869, 0.8078137332280979, 0.8074191002367798, 0.7798816568047338, 0.7917159763313609]","[0.7886435331230284, 0.7870662460567823, 0.7886435331230284, 0.764612954186414, 0.7867298578199052]"
"[0.8018942383583267, 0.8007103393843725, 0.7813733228097869, 0.7846153846153846, 0.7889546351084813]","[0.7555205047318612, 0.805993690851735, 0.777602523659306, 0.7424960505529226, 0.7835703001579779]"
"[0.803078137332281, 0.8007103393843725, 0.8074191002367798, 0.8007889546351085, 0.7909270216962525]","[0.7854889589905363, 0.7917981072555205, 0.7902208201892744, 0.7756714060031595, 0.7788309636650869]"
"[0.8046566692975533, 0.7876874506708761, 0.7794001578531965, 0.7964497041420119, 0.7952662721893491]","[0.7791798107255521, 0.7996845425867508, 0.7839116719242902, 0.7946287519747235, 0.7993680884676145]"
"[0.8070244672454617, 0.7876874506708761, 0.7762430939226519, 0.7838264299802762, 0.7960552268244576]","[0.7523659305993691, 0.7712933753943217, 0.7681388012618297, 0.7661927330173776, 0.7946287519747235]"
"[0.7955801104972375, 0.7880820836621941, 0.7912391475927387, 0.8138067061143984, 0.7790927021696252]","[0.7665615141955836, 0.7996845425867508, 0.7886435331230284, 0.8151658767772512, 0.7867298578199052]"
"[0.8011049723756906, 0.5, 0.8070244672454617, 0.8169625246548323, 0.7861932938856016]","[0.7886435331230284, 0.5, 0.7981072555205048, 0.8404423380726699, 0.7930489731437599]"
"[0.7987371744277821, 0.7951854775059195, 0.7888713496448303, 0.801577909270217, 0.798422090729783]","[0.7728706624605678, 0.7712933753943217, 0.7760252365930599, 0.7977883096366508, 0.7962085308056872]"
"[0.696921862667719, 0.8334648776637726, 0.8208366219415943, 0.8086785009861933, 0.7814595660749507]","[0.6640378548895899, 0.805993690851735, 0.8138801261829653, 0.7962085308056872, 0.7772511848341233]"
"[0.8334648776637726, 0.829518547750592, 0.8026835043409629, 0.8074950690335305, 0.8149901380670611]","[0.8154574132492114, 0.8012618296529969, 0.7933753943217665, 0.7930489731437599, 0.8262243285939969]"
"[0.8105761641673244, 0.8133385951065509, 0.82991318074191, 0.8161735700197239, 0.814595660749507]","[0.7681388012618297, 0.804416403785489, 0.8201892744479495, 0.8151658767772512, 0.8230647709320695]"
"[0.8078137332280979, 0.8303078137332282, 0.8046566692975533, 0.8370808678500986, 0.809861932938856]","[0.7681388012618297, 0.804416403785489, 0.7823343848580442, 0.8325434439178515, 0.7993680884676145]"
"[0.823993685872139, 0.8235990528808208, 0.8141278610891871, 0.8280078895463511, 0.8165680473372781]","[0.7996845425867508, 0.7917981072555205, 0.777602523659306, 0.8120063191153238, 0.8262243285939969]"
"[0.8334648776637726, 0.8172849250197316, 0.8204419889502762, 0.814595660749507, 0.7996055226824458]","[0.8154574132492114, 0.8296529968454258, 0.7870662460567823, 0.7946287519747235, 0.7914691943127962]"
"[0.8303078137332282, 0.7995264404104183, 0.8235990528808208, 0.809861932938856, 0.7881656804733728]","[0.807570977917981, 0.7996845425867508, 0.8186119873817035, 0.7930489731437599, 0.7693522906793049]"
"[0.8255722178374112, 0.8330702446724546, 0.8370165745856354, 0.8185404339250493, 0.8169625246548323]","[0.7886435331230284, 0.804416403785489, 0.8264984227129337, 0.8262243285939969, 0.8167456556082149]"
"[0.8196527229676401, 0.8275453827940016, 0.8429360694554064, 0.8268244575936884, 0.8378698224852071]","[0.7649842271293376, 0.8123028391167192, 0.8280757097791798, 0.8104265402843602, 0.8293838862559242]"
"[0.8157063930544594, 0.8449092344119968, 0.8093922651933702, 0.8287968441814596, 0.8303747534516766]","[0.7728706624605678, 0.8233438485804416, 0.7839116719242902, 0.8436018957345972, 0.8436018957345972]"
"[0.835043409629045, 0.835043409629045, 0.8168902920284136, 0.8335305719921104, 0.8382642998027613]","[0.8154574132492114, 0.8249211356466877, 0.7965299684542587, 0.8309636650868878, 0.8278041074249605]"
"[0.840962904498816, 0.8417521704814522, 0.8441199684293607, 0.8197238658777121, 0.8051282051282052]","[0.831230283911672, 0.8280757097791798, 0.8138801261829653, 0.8056872037914692, 0.8120063191153238]"
"[0.8255722178374112, 0.8445146014206788, 0.8145224940805051, 0.814595660749507, 0.8007889546351085]","[0.807570977917981, 0.8012618296529969, 0.7902208201892744, 0.8009478672985783, 0.7898894154818326]"
"[0.8433307024467246, 0.8472770323599053, 0.8145224940805051, 0.8051282051282052, 0.8287968441814596]","[0.8249211356466877, 0.807570977917981, 0.7917981072555205, 0.7914691943127962, 0.8041074249605056]"
"[0.8133385951065509, 0.8326756116811366, 0.8374112075769534, 0.7932938856015779, 0.8134122287968442]","[0.7634069400630915, 0.8186119873817035, 0.7981072555205048, 0.7772511848341233, 0.8167456556082149]"
"[0.8307024467245462, 0.8437253354380426, 0.8488555643251776, 0.8051282051282052, 0.8319526627218935]","[0.8012618296529969, 0.804416403785489, 0.8201892744479495, 0.8072669826224329, 0.8341232227488151]"
"[0.8382004735595896, 0.8117600631412786, 0.840568271507498, 0.8382642998027613, 0.8335305719921104]","[0.8296529968454258, 0.8012618296529969, 0.7996845425867508, 0.8151658767772512, 0.8199052132701422]"
"[0.8488555643251776, 0.8113654301499605, 0.8488555643251776, 0.8422090729783037, 0.790138067061144]","[0.8138801261829653, 0.7933753943217665, 0.8249211356466877, 0.8151658767772512, 0.7740916271721959]"
"[0.8101815311760063, 0.8125493291239148, 0.808602999210734, 0.8067061143984221, 0.808284023668639]","[0.7681388012618297, 0.7933753943217665, 0.7949526813880127, 0.7962085308056872, 0.8025276461295419]"
"[0.819258089976322, 0.8046566692975533, 0.5, 0.8067061143984221, 0.5001972386587771]","[0.7649842271293376, 0.7965299684542587, 0.5, 0.7930489731437599, 0.49921011058451814]"
"[0.8330702446724546, 0.8314917127071824, 0.8196527229676401, 0.8039447731755424, 0.8216962524654833]","[0.805993690851735, 0.832807570977918, 0.7917981072555205, 0.7883096366508688, 0.8293838862559242]"
"[0.8362273086029992, 0.8366219415943172, 0.8168902920284136, 0.8351084812623274, 0.8319526627218935]","[0.8091482649842271, 0.8296529968454258, 0.8012618296529969, 0.8135860979462876, 0.8499210110584519]"
"[0.8318863456985004, 0.8429360694554064, 0.8334648776637726, 0.814595660749507, 0.8126232741617357]","[0.8028391167192429, 0.7981072555205048, 0.8138801261829653, 0.7898894154818326, 0.8072669826224329]"
"[0.8322809786898184, 0.7932123125493291, 0.8235990528808208, 0.8323471400394478, 0.8386587771203156]","[0.7981072555205048, 0.7965299684542587, 0.8107255520504731, 0.8262243285939969, 0.8467614533965245]"
"[0.8287292817679558, 0.851223362273086, 0.829518547750592, 0.8307692307692308, 0.8315581854043392]","[0.7681388012618297, 0.8249211356466877, 0.8154574132492114, 0.8056872037914692, 0.8372827804107424]"
"[0.840568271507498, 0.8449092344119968, 0.8397790055248618, 0.8485207100591716, 0.8153846153846154]","[0.8123028391167192, 0.807570977917981, 0.8138801261829653, 0.8230647709320695, 0.8151658767772512]"
"[0.8366219415943172, 0.8488555643251776, 0.840568271507498, 0.8287968441814596, 0.8418145956607495]","[0.7996845425867508, 0.8359621451104101, 0.8123028391167192, 0.8325434439178515, 0.8372827804107424]"
"[0.845698500394633, 0.8291239147592738, 0.8283346487766378, 0.8366863905325443, 0.8268244575936884]","[0.8217665615141956, 0.8028391167192429, 0.8154574132492114, 0.8183254344391785, 0.8183254344391785]"
"[0.8421468034727704, 0.8500394632991318, 0.8484609313338595, 0.8197238658777121, 0.8268244575936884]","[0.8138801261829653, 0.8123028391167192, 0.8091482649842271, 0.8199052132701422, 0.8483412322274881]"
"[0.8322809786898184, 0.8630623520126283, 0.8543804262036306, 0.834319526627219, 0.8260355029585799]","[0.7933753943217665, 0.831230283911672, 0.8296529968454258, 0.8104265402843602, 0.8151658767772512]"
"[0.8476716653512234, 0.82991318074191, 0.8662194159431729, 0.8402366863905325, 0.8406311637080868]","[0.807570977917981, 0.8233438485804416, 0.8296529968454258, 0.8278041074249605, 0.8467614533965245]"
"[0.8449092344119968, 0.8681925808997633, 0.8216258879242304, 0.8366863905325443, 0.8102564102564103]","[0.7965299684542587, 0.8138801261829653, 0.7996845425867508, 0.8293838862559242, 0.7804107424960506]"
"[0.8472770323599053, 0.8255722178374112, 0.8547750591949487, 0.8232741617357002, 0.8469428007889547]","[0.804416403785489, 0.8170347003154574, 0.8343848580441641, 0.8104265402843602, 0.8499210110584519]"
"[0.8283346487766378, 0.8453038674033149, 0.8413575374901342, 0.8347140039447731, 0.8571992110453649]","[0.7823343848580442, 0.8249211356466877, 0.8170347003154574, 0.8135860979462876, 0.8593996840442338]"
"[0.856353591160221, 0.8382004735595896, 0.8504340962904499, 0.829585798816568, 0.8619329388560157]","[0.7886435331230284, 0.8249211356466877, 0.8280757097791798, 0.8104265402843602, 0.8372827804107424]"
"[0.8472770323599053, 0.823993685872139, 0.850828729281768, 0.8394477317554241, 0.8603550295857988]","[0.8170347003154574, 0.7839116719242902, 0.807570977917981, 0.8404423380726699, 0.8404423380726699]"
"[0.8583267561168114, 0.840962904498816, 0.824782951854775, 0.834319526627219, 0.8390532544378698]","[0.8280757097791798, 0.807570977917981, 0.7996845425867508, 0.8183254344391785, 0.8135860979462876]"
"[0.84017363851618, 0.8445146014206788, 0.8709550118389897, 0.8481262327416174, 0.852465483234714]","[0.7965299684542587, 0.8138801261829653, 0.8296529968454258, 0.8009478672985783, 0.8420221169036335]"
"[0.8638516179952644, 0.8153117600631413, 0.8638516179952644, 0.8548323471400394, 0.855621301775148]","[0.8359621451104101, 0.7870662460567823, 0.8186119873817035, 0.8451816745655608, 0.8167456556082149]"
"[0.8200473559589582, 0.8318863456985004, 0.8326756116811366, 0.8201183431952662, 0.8130177514792899]","[0.7870662460567823, 0.8107255520504731, 0.8107255520504731, 0.8183254344391785, 0.7851500789889415]"
"[0.824782951854775, 0.7995264404104183, 0.8180741910023678, 0.5001972386587771, 0.5001972386587771]","[0.7996845425867508, 0.7981072555205048, 0.7917981072555205, 0.49921011058451814, 0.49921011058451814]"
"[0.8382004735595896, 0.84017363851618, 0.8307024467245462, 0.8209072978303747, 0.8102564102564103]","[0.807570977917981, 0.8170347003154574, 0.805993690851735, 0.8120063191153238, 0.8151658767772512]"
"[0.84017363851618, 0.8291239147592738, 0.8606945540647198, 0.8232741617357002, 0.8406311637080868]","[0.8028391167192429, 0.8186119873817035, 0.8470031545741324, 0.8325434439178515, 0.8641390205371248]"
"[0.8524072612470402, 0.8220205209155486, 0.8271507498026835, 0.8307692307692308, 0.8465483234714004]","[0.8217665615141956, 0.7933753943217665, 0.8012618296529969, 0.8246445497630331, 0.8499210110584519]"
"[0.8630623520126283, 0.84017363851618, 0.8283346487766378, 0.834319526627219, 0.8220907297830374]","[0.8343848580441641, 0.8138801261829653, 0.8012618296529969, 0.8025276461295419, 0.8041074249605056]"
"[0.840962904498816, 0.8417521704814522, 0.8488555643251776, 0.8477317554240631, 0.8489151873767259]","[0.8264984227129337, 0.8201892744479495, 0.8280757097791798, 0.8246445497630331, 0.8451816745655608]"
"[0.8674033149171271, 0.8749013417521705, 0.8539857932123125, 0.8548323471400394, 0.8437869822485207]","[0.832807570977918, 0.8249211356466877, 0.8201892744479495, 0.8278041074249605, 0.8436018957345972]"
"[0.8464877663772692, 0.8567482241515391, 0.8567482241515391, 0.8185404339250493, 0.8453648915187377]","[0.8186119873817035, 0.8249211356466877, 0.8217665615141956, 0.7993680884676145, 0.8388625592417062]"
"[0.8587213891081295, 0.8164956590370955, 0.8579321231254933, 0.8382642998027613, 0.8635108481262327]","[0.7933753943217665, 0.7791798107255521, 0.8154574132492114, 0.8151658767772512, 0.8530805687203792]"
"[0.8555643251775849, 0.8397790055248618, 0.8504340962904499, 0.8362919132149902, 0.8465483234714004]","[0.8201892744479495, 0.8028391167192429, 0.8249211356466877, 0.8199052132701422, 0.8262243285939969]"
"[0.8480662983425414, 0.8484609313338595, 0.8551696921862668, 0.867061143984221, 0.8362919132149902]","[0.831230283911672, 0.8154574132492114, 0.8201892744479495, 0.8451816745655608, 0.8436018957345972]"
"[0.8602999210734017, 0.8622730860299921, 0.8701657458563536, 0.8473372781065088, 0.850887573964497]","[0.8249211356466877, 0.8154574132492114, 0.831230283911672, 0.7835703001579779, 0.8562401263823065]"
"[0.8559589581689029, 0.8638516179952644, 0.8433307024467246, 0.8615384615384616, 0.8544378698224852]","[0.8359621451104101, 0.8091482649842271, 0.8201892744479495, 0.8230647709320695, 0.8388625592417062]"
"[0.8571428571428571, 0.8658247829518547, 0.8429360694554064, 0.8678500986193294, 0.8402366863905325]","[0.8280757097791798, 0.8028391167192429, 0.831230283911672, 0.8388625592417062, 0.8372827804107424]"
"[0.8571428571428571, 0.8768745067087609, 0.8413575374901342, 0.8477317554240631, 0.8386587771203156]","[0.8138801261829653, 0.8154574132492114, 0.8186119873817035, 0.8135860979462876, 0.8341232227488151]"
"[0.8784530386740331, 0.8693764798737175, 0.8705603788476717, 0.86232741617357, 0.867061143984221]","[0.8391167192429022, 0.8280757097791798, 0.831230283911672, 0.8309636650868878, 0.8372827804107424]"
"[0.8626677190213102, 0.8677979479084451, 0.8303078137332282, 0.8366863905325443, 0.8694280078895463]","[0.8138801261829653, 0.8391167192429022, 0.7839116719242902, 0.8120063191153238, 0.8720379146919431]"
"[0.8760852407261247, 0.8808208366219415, 0.8713496448303079, 0.8804733727810651, 0.873767258382643]","[0.832807570977918, 0.8170347003154574, 0.8375394321766562, 0.8499210110584519, 0.8357030015797788]"
"[0.8291239147592738, 0.8859510655090765, 0.8559589581689029, 0.8583826429980276, 0.8765285996055227]","[0.7760252365930599, 0.8391167192429022, 0.807570977917981, 0.8278041074249605, 0.8388625592417062]"
"[0.8674033149171271, 0.8804262036306235, 0.8689818468823993, 0.8658777120315582, 0.8710059171597633]","[0.8375394321766562, 0.8264984227129337, 0.8406940063091483, 0.8341232227488151, 0.8246445497630331]"
"[0.8362273086029992, 0.8330702446724546, 0.8303078137332282, 0.8481262327416174, 0.8437869822485207]","[0.7917981072555205, 0.8012618296529969, 0.8138801261829653, 0.8420221169036335, 0.8341232227488151]"
"[0.8437253354380426, 0.8382004735595896, 0.8271507498026835, 0.8698224852071006, 0.8339250493096647]","[0.8170347003154574, 0.8123028391167192, 0.8296529968454258, 0.8530805687203792, 0.8230647709320695]"
"[0.8658247829518547, 0.8034727703235991, 0.8417521704814522, 0.8465483234714004, 0.8185404339250493]","[0.8264984227129337, 0.7886435331230284, 0.804416403785489, 0.8309636650868878, 0.8120063191153238]"
"[0.8449092344119968, 0.8658247829518547, 0.8358326756116812, 0.855621301775148, 0.8130177514792899]","[0.8391167192429022, 0.8375394321766562, 0.8107255520504731, 0.8357030015797788, 0.7819905213270142]"
"[0.8528018942383583, 0.8681925808997633, 0.8567482241515391, 0.8528599605522682, 0.8268244575936884]","[0.8233438485804416, 0.8454258675078864, 0.8375394321766562, 0.8056872037914692, 0.8009478672985783]"
"[0.8362273086029992, 0.8579321231254933, 0.8697711128650355, 0.8327416173570019, 0.852465483234714]","[0.7917981072555205, 0.832807570977918, 0.8375394321766562, 0.8120063191153238, 0.8372827804107424]"
"[0.8476716653512234, 0.8768745067087609, 0.8318863456985004, 0.8256410256410256, 0.8571992110453649]","[0.8012618296529969, 0.8359621451104101, 0.7996845425867508, 0.8072669826224329, 0.8609794628751974]"
"[0.8654301499605367, 0.8658247829518547, 0.8709550118389897, 0.87534516765286, 0.8512820512820513]","[0.8296529968454258, 0.8249211356466877, 0.832807570977918, 0.8641390205371248, 0.8278041074249605]"
"[0.8606945540647198, 0.8614838200473559, 0.8559589581689029, 0.8599605522682445, 0.8907297830374753]","[0.8264984227129337, 0.8249211356466877, 0.8264984227129337, 0.8278041074249605, 0.8783570300157978]"
"[0.8622730860299921, 0.850828729281768, 0.8741120757695343, 0.8761341222879684, 0.8437869822485207]","[0.804416403785489, 0.8217665615141956, 0.8454258675078864, 0.8546603475513428, 0.8120063191153238]"
"[0.8879242304656669, 0.8689818468823993, 0.8681925808997633, 0.8477317554240631, 0.8646942800788955]","[0.8485804416403786, 0.8375394321766562, 0.8264984227129337, 0.8230647709320695, 0.8151658767772512]"
"[0.8800315706393055, 0.8733228097868981, 0.8693764798737175, 0.8465483234714004, 0.863905325443787]","[0.8359621451104101, 0.8249211356466877, 0.8264984227129337, 0.8167456556082149, 0.8751974723538705]"
"[0.8591160220994475, 0.8642462509865825, 0.8551696921862668, 0.8765285996055227, 0.8674556213017751]","[0.8107255520504731, 0.8186119873817035, 0.8249211356466877, 0.8341232227488151, 0.8436018957345972]"
"[0.8741120757695343, 0.8614838200473559, 0.8851617995264404, 0.8781065088757396, 0.8745562130177514]","[0.8343848580441641, 0.8201892744479495, 0.8517350157728707, 0.8372827804107424, 0.8483412322274881]"
"[0.8764798737174427, 0.8906866614048935, 0.8705603788476717, 0.863905325443787, 0.8635108481262327]","[0.805993690851735, 0.8470031545741324, 0.8280757097791798, 0.8325434439178515, 0.8578199052132701]"
"[0.8788476716653513, 0.8441199684293607, 0.8871349644830308, 0.8694280078895463, 0.8725838264299802]","[0.831230283911672, 0.8233438485804416, 0.807570977917981, 0.8214849921011058, 0.8325434439178515]"
"[0.8843725335438043, 0.8788476716653513, 0.8752959747434885, 0.8714003944773175, 0.8824457593688363]","[0.8249211356466877, 0.8359621451104101, 0.8359621451104101, 0.8009478672985783, 0.8688783570300158]"
"[0.8638516179952644, 0.8843725335438043, 0.8752959747434885, 0.8765285996055227, 0.8871794871794871]","[0.7996845425867508, 0.8359621451104101, 0.8233438485804416, 0.8467614533965245, 0.8657187993680885]"
"[0.9048934490923441, 0.8729281767955801, 0.9005524861878453, 0.8982248520710059, 0.8848126232741618]","[0.8580441640378549, 0.8091482649842271, 0.8517350157728707, 0.8436018957345972, 0.8262243285939969]"
"[0.8638516179952644, 0.8768745067087609, 0.8796369376479873, 0.87534516765286, 0.8844181459566075]","[0.7917981072555205, 0.8154574132492114, 0.831230283911672, 0.8041074249605056, 0.8293838862559242]"
"[0.8946329913180742, 0.9021310181531176, 0.8958168902920284, 0.8714003944773175, 0.8745562130177514]","[0.832807570977918, 0.8343848580441641, 0.8501577287066246, 0.8341232227488151, 0.8815165876777251]"
"[0.8476716653512234, 0.8453038674033149, 0.835438042620363, 0.8335305719921104, 0.8185404339250493]","[0.8154574132492114, 0.8138801261829653, 0.807570977917981, 0.8041074249605056, 0.8088467614533965]"
"[0.8551696921862668, 0.8685872138910813, 0.8362273086029992, 0.5001972386587771, 0.841025641025641]","[0.8123028391167192, 0.8454258675078864, 0.7949526813880127, 0.49921011058451814, 0.8246445497630331]"
"[0.8579321231254933, 0.8279400157853196, 0.8366219415943172, 0.811439842209073, 0.8374753451676529]","[0.8280757097791798, 0.8249211356466877, 0.8343848580441641, 0.7740916271721959, 0.8467614533965245]"
"[0.8555643251775849, 0.8425414364640884, 0.8504340962904499, 0.8477317554240631, 0.8611439842209073]","[0.8233438485804416, 0.831230283911672, 0.8280757097791798, 0.8372827804107424, 0.8515007898894155]"
"[0.856353591160221, 0.8662194159431729, 0.877663772691397, 0.8611439842209073, 0.8402366863905325]","[0.8264984227129337, 0.8201892744479495, 0.8533123028391167, 0.8499210110584519, 0.8372827804107424]"
"[0.840568271507498, 0.8808208366219415, 0.8642462509865825, 0.8619329388560157, 0.8796844181459567]","[0.8028391167192429, 0.8422712933753943, 0.832807570977918, 0.8483412322274881, 0.8815165876777251]"
"[0.8756906077348067, 0.8721389108129439, 0.8733228097868981, 0.8646942800788955, 0.8560157790927022]","[0.8170347003154574, 0.8217665615141956, 0.8391167192429022, 0.8278041074249605, 0.8467614533965245]"
"[0.8674033149171271, 0.8847671665351223, 0.8595106550907656, 0.8788954635108481, 0.873767258382643]","[0.8249211356466877, 0.831230283911672, 0.832807570977918, 0.8451816745655608, 0.8357030015797788]"
"[0.9005524861878453, 0.8713496448303079, 0.8650355169692187, 0.8666666666666667, 0.86232741617357]","[0.8533123028391167, 0.831230283911672, 0.8217665615141956, 0.8246445497630331, 0.8214849921011058]"
"[0.8701657458563536, 0.8792423046566693, 0.8831886345698501, 0.8741617357001973, 0.8745562130177514]","[0.8296529968454258, 0.8470031545741324, 0.8470031545741324, 0.8515007898894155, 0.8625592417061612]"
"[0.8823993685872139, 0.8729281767955801, 0.8768745067087609, 0.9001972386587771, 0.8603550295857988]","[0.8596214511041009, 0.8170347003154574, 0.831230283911672, 0.8483412322274881, 0.8372827804107424]"
"[0.8839779005524862, 0.8859510655090765, 0.8867403314917127, 0.8915187376725838, 0.8927021696252465]","[0.8343848580441641, 0.8343848580441641, 0.8485804416403786, 0.8783570300157978, 0.8609794628751974]"
"[0.9029202841357538, 0.9127861089187056, 0.8914759273875296, 0.87534516765286, 0.8725838264299802]","[0.8564668769716088, 0.8738170347003155, 0.8501577287066246, 0.8135860979462876, 0.8688783570300158]"
"[0.8839779005524862, 0.8701657458563536, 0.8733228097868981, 0.8662721893491124, 0.8915187376725838]","[0.8470031545741324, 0.8138801261829653, 0.8170347003154574, 0.8530805687203792, 0.8609794628751974]"
"[0.8784530386740331, 0.9029202841357538, 0.8993685872138911, 0.873767258382643, 0.8714003944773175]","[0.8533123028391167, 0.8470031545741324, 0.8564668769716088, 0.8515007898894155, 0.8467614533965245]"
"[0.8997632202052092, 0.8950276243093923, 0.8847671665351223, 0.8883629191321499, 0.8863905325443787]","[0.8548895899053628, 0.8391167192429022, 0.832807570977918, 0.8404423380726699, 0.8688783570300158]"
"[0.8902920284135754, 0.9104183109707972, 0.8950276243093923, 0.8804733727810651, 0.8994082840236687]","[0.8406940063091483, 0.8706624605678234, 0.8454258675078864, 0.8388625592417062, 0.8578199052132701]"
"[0.8863456985003947, 0.8528018942383583, 0.9084451460142068, 0.8938856015779093, 0.8982248520710059]","[0.8170347003154574, 0.8296529968454258, 0.861198738170347, 0.8625592417061612, 0.8499210110584519]"
"[0.8863456985003947, 0.9033149171270718, 0.8902920284135754, 0.8725838264299802, 0.8816568047337278]","[0.8391167192429022, 0.8580441640378549, 0.8343848580441641, 0.8199052132701422, 0.8641390205371248]"
"[0.9017363851617995, 0.9210734017363852, 0.8922651933701657, 0.886785009861933, 0.8958579881656805]","[0.8422712933753943, 0.8580441640378549, 0.8470031545741324, 0.8246445497630331, 0.8609794628751974]"
"[0.8977900552486188, 0.9135753749013418, 0.8898973954222573, 0.9041420118343195, 0.8923076923076924]","[0.8359621451104101, 0.8296529968454258, 0.8249211356466877, 0.8657187993680885, 0.8641390205371248]"
"[0.8476716653512234, 0.8555643251775849, 0.8413575374901342, 0.8299802761341223, 0.8414201183431953]","[0.7996845425867508, 0.8186119873817035, 0.8233438485804416, 0.8199052132701422, 0.8230647709320695]"
"[0.8488555643251776, 0.8358326756116812, 0.8543804262036306, 0.8339250493096647, 0.5001972386587771]","[0.8170347003154574, 0.8201892744479495, 0.8170347003154574, 0.8025276461295419, 0.49921011058451814]"
"[0.8622730860299921, 0.8741120757695343, 0.8610891870560379, 0.8489151873767259, 0.8382642998027613]","[0.831230283911672, 0.8091482649842271, 0.832807570977918, 0.8120063191153238, 0.8562401263823065]"
"[0.8689818468823993, 0.8729281767955801, 0.8681925808997633, 0.8465483234714004, 0.8741617357001973]","[0.8722397476340694, 0.831230283911672, 0.8359621451104101, 0.8183254344391785, 0.8499210110584519]"
"[0.8713496448303079, 0.8571428571428571, 0.8472770323599053, 0.8544378698224852, 0.863905325443787]","[0.8438485804416404, 0.8249211356466877, 0.7949526813880127, 0.8262243285939969, 0.8578199052132701]"
"[0.8784530386740331, 0.8820047355958959, 0.898579321231255, 0.8662721893491124, 0.8635108481262327]","[0.8359621451104101, 0.831230283911672, 0.862776025236593, 0.8436018957345972, 0.8625592417061612]"
"[0.8752959747434885, 0.8823993685872139, 0.8772691397000789, 0.8619329388560157, 0.8615384615384616]","[0.8343848580441641, 0.8359621451104101, 0.8485804416403786, 0.8404423380726699, 0.8372827804107424]"
"[0.8823993685872139, 0.8910812943962115, 0.8867403314917127, 0.8958579881656805, 0.8781065088757396]","[0.8375394321766562, 0.8154574132492114, 0.8422712933753943, 0.8609794628751974, 0.8578199052132701]"
"[0.8871349644830308, 0.8902920284135754, 0.9029202841357538, 0.8832347140039448, 0.86232741617357]","[0.8375394321766562, 0.8280757097791798, 0.8375394321766562, 0.8530805687203792, 0.8483412322274881]"
"[0.8855564325177585, 0.8847671665351223, 0.8918705603788477, 0.8816568047337278, 0.8899408284023669]","[0.8343848580441641, 0.8343848580441641, 0.8690851735015773, 0.8309636650868878, 0.8546603475513428]"
"[0.8875295974743489, 0.9021310181531176, 0.8808208366219415, 0.8863905325443787, 0.8544378698224852]","[0.8485804416403786, 0.8801261829652997, 0.832807570977918, 0.8009478672985783, 0.8183254344391785]"
"[0.8843725335438043, 0.9112075769534334, 0.9009471191791634, 0.8907297830374753, 0.8990138067061144]","[0.8533123028391167, 0.8233438485804416, 0.8501577287066246, 0.8436018957345972, 0.8641390205371248]"
"[0.8823993685872139, 0.8918705603788477, 0.8839779005524862, 0.8895463510848126, 0.873767258382643]","[0.8391167192429022, 0.8296529968454258, 0.8264984227129337, 0.8325434439178515, 0.8499210110584519]"
"[0.8942383583267561, 0.8977900552486188, 0.8855564325177585, 0.9076923076923077, 0.8982248520710059]","[0.8264984227129337, 0.8438485804416404, 0.8406940063091483, 0.8499210110584519, 0.8657187993680885]"
"[0.8970007892659826, 0.9029202841357538, 0.9033149171270718, 0.8856015779092702, 0.9001972386587771]","[0.8706624605678234, 0.832807570977918, 0.8391167192429022, 0.8056872037914692, 0.8578199052132701]"
"[0.8926598263614838, 0.9108129439621152, 0.8812154696132597, 0.9005917159763314, 0.8974358974358975]","[0.8343848580441641, 0.8438485804416404, 0.8233438485804416, 0.8483412322274881, 0.8293838862559242]"
"[0.919889502762431, 0.9108129439621152, 0.9084451460142068, 0.8990138067061144, 0.8994082840236687]","[0.8564668769716088, 0.8186119873817035, 0.8343848580441641, 0.8388625592417062, 0.8483412322274881]"
"[0.9127861089187056, 0.9179163378058406, 0.8871349644830308, 0.9029585798816568, 0.8974358974358975]","[0.8596214511041009, 0.8454258675078864, 0.8170347003154574, 0.8278041074249605, 0.8578199052132701]"
"[0.888318863456985, 0.9033149171270718, 0.9408050513022889, 0.9140039447731756, 0.9108481262327416]","[0.831230283911672, 0.832807570977918, 0.8785488958990536, 0.8641390205371248, 0.8420221169036335]"
"[0.9159431728492502, 0.8891081294396211, 0.9112075769534334, 0.9088757396449704, 0.9005917159763314]","[0.831230283911672, 0.832807570977918, 0.8517350157728707, 0.8214849921011058, 0.8278041074249605]"
"[0.9068666140489345, 0.8895027624309392, 0.9155485398579322, 0.9376725838264299, 0.908086785009862]","[0.8738170347003155, 0.8201892744479495, 0.8580441640378549, 0.8720379146919431, 0.8357030015797788]"
"[0.8520126282557222, 0.846093133385951, 0.8693764798737175, 0.8378698224852071, 0.854043392504931]","[0.8217665615141956, 0.8296529968454258, 0.8406940063091483, 0.8341232227488151, 0.8546603475513428]"
"[0.8642462509865825, 0.8662194159431729, 0.8468823993685872, 0.8303747534516766, 0.8366863905325443]","[0.8422712933753943, 0.831230283911672, 0.8154574132492114, 0.8120063191153238, 0.8372827804107424]"
"[0.8571428571428571, 0.8780584056827151, 0.8445146014206788, 0.8449704142011835, 0.8721893491124261]","[0.831230283911672, 0.8249211356466877, 0.807570977917981, 0.8404423380726699, 0.8562401263823065]"
"[0.8808208366219415, 0.8642462509865825, 0.8492501973164956, 0.8627218934911243, 0.8682445759368836]","[0.8406940063091483, 0.7996845425867508, 0.8280757097791798, 0.8309636650868878, 0.8483412322274881]"
"[0.8583267561168114, 0.8898973954222573, 0.8595106550907656, 0.8366863905325443, 0.8544378698224852]","[0.8280757097791798, 0.8422712933753943, 0.8201892744479495, 0.8025276461295419, 0.8388625592417062]"
"[0.9017363851617995, 0.8685872138910813, 0.8812154696132597, 0.8642998027613412, 0.8674556213017751]","[0.8659305993690851, 0.832807570977918, 0.8438485804416404, 0.8246445497630331, 0.8420221169036335]"
"[0.8816101026045777, 0.8823993685872139, 0.8579321231254933, 0.8930966469428008, 0.8812623274161736]","[0.8564668769716088, 0.8280757097791798, 0.8280757097791798, 0.8483412322274881, 0.8767772511848341]"
"[0.8772691397000789, 0.8697711128650355, 0.8962115232833465, 0.8686390532544379, 0.8875739644970414]","[0.8548895899053628, 0.8154574132492114, 0.8438485804416404, 0.8562401263823065, 0.8341232227488151]"
"[0.8871349644830308, 0.8954222573007103, 0.8804262036306235, 0.8808678500986193, 0.8816568047337278]","[0.8375394321766562, 0.8359621451104101, 0.8280757097791798, 0.8515007898894155, 0.8672985781990521]"
"[0.8681925808997633, 0.8914759273875296, 0.9005524861878453, 0.8891518737672583, 0.8785009861932939]","[0.831230283911672, 0.832807570977918, 0.862776025236593, 0.8515007898894155, 0.8404423380726699]"
"[0.9104183109707972, 0.89344909234412, 0.8713496448303079, 0.8859960552268245, 0.882051282051282]","[0.8690851735015773, 0.8170347003154574, 0.8028391167192429, 0.8372827804107424, 0.8515007898894155]"
"[0.9246250986582478, 0.909234411996843, 0.9017363851617995, 0.914792899408284, 0.883629191321499]","[0.8706624605678234, 0.8580441640378549, 0.8359621451104101, 0.8467614533965245, 0.8515007898894155]"
"[0.8977900552486188, 0.9127861089187056, 0.898579321231255, 0.8962524654832347, 0.9096646942800789]","[0.8548895899053628, 0.8391167192429022, 0.8406940063091483, 0.8578199052132701, 0.8909952606635071]"
"[0.9037095501183899, 0.898973954222573, 0.925808997632202, 0.9258382642998028, 0.8927021696252465]","[0.8485804416403786, 0.8375394321766562, 0.8848580441640379, 0.8830963665086888, 0.8451816745655608]"
"[0.9029202841357538, 0.9222573007103394, 0.925414364640884, 0.904930966469428, 0.901775147928994]","[0.831230283911672, 0.8548895899053628, 0.862776025236593, 0.8388625592417062, 0.8578199052132701]"
"[0.9246250986582478, 0.9084451460142068, 0.9076558800315706, 0.895069033530572, 0.9159763313609467]","[0.8485804416403786, 0.8233438485804416, 0.8422712933753943, 0.8388625592417062, 0.8704581358609794]"
"[0.9088397790055248, 0.9017363851617995, 0.904104183109708, 0.8998027613412228, 0.9124260355029585]","[0.8470031545741324, 0.807570977917981, 0.8422712933753943, 0.8278041074249605, 0.8530805687203792]"
"[0.9191002367797948, 0.9273875295974744, 0.8906866614048935, 0.9037475345167653, 0.8966469428007889]","[0.8517350157728707, 0.8596214511041009, 0.8375394321766562, 0.8309636650868878, 0.8309636650868878]"
"[0.914759273875296, 0.914759273875296, 0.8997632202052092, 0.9076923076923077, 0.8887573964497042]","[0.8217665615141956, 0.8470031545741324, 0.8280757097791798, 0.8341232227488151, 0.8530805687203792]"
"[0.9455406471981057, 0.9076558800315706, 0.909234411996843, 0.9104536489151874, 0.9124260355029585]","[0.8643533123028391, 0.8406940063091483, 0.8406940063091483, 0.8467614533965245, 0.8483412322274881]"
"[0.9135753749013418, 0.9179163378058406, 0.9179163378058406, 0.9416173570019724, 0.9100591715976332]","[0.8343848580441641, 0.8470031545741324, 0.8517350157728707, 0.8341232227488151, 0.8499210110584519]"
"[0.8547750591949487, 0.8693764798737175, 0.8701657458563536, 0.86232741617357, 0.8386587771203156]","[0.8091482649842271, 0.8422712933753943, 0.8501577287066246, 0.8483412322274881, 0.8325434439178515]"
"[0.8437253354380426, 0.8823993685872139, 0.8685872138910813, 0.8548323471400394, 0.5001972386587771]","[0.7933753943217665, 0.8422712933753943, 0.8517350157728707, 0.8372827804107424, 0.49921011058451814]"
"[0.823993685872139, 0.856353591160221, 0.8823993685872139, 0.8595660749506904, 0.8568047337278106]","[0.7886435331230284, 0.8249211356466877, 0.8406940063091483, 0.8167456556082149, 0.8436018957345972]"
"[0.8737174427782163, 0.8749013417521705, 0.8895027624309392, 0.8611439842209073, 0.8654832347140039]","[0.8186119873817035, 0.8406940063091483, 0.8564668769716088, 0.8325434439178515, 0.8341232227488151]"
"[0.856353591160221, 0.8733228097868981, 0.8954222573007103, 0.8812623274161736, 0.8335305719921104]","[0.8138801261829653, 0.8264984227129337, 0.8517350157728707, 0.8499210110584519, 0.8309636650868878]"
"[0.8816101026045777, 0.9084451460142068, 0.8887134964483031, 0.8883629191321499, 0.8903353057199211]","[0.8422712933753943, 0.8454258675078864, 0.8564668769716088, 0.8420221169036335, 0.8562401263823065]"
"[0.8835832675611681, 0.8725335438042621, 0.9029202841357538, 0.8757396449704142, 0.8765285996055227]","[0.8454258675078864, 0.8438485804416404, 0.8359621451104101, 0.8357030015797788, 0.8530805687203792]"
"[0.8914759273875296, 0.9080505130228888, 0.9056827150749802, 0.9155818540433925, 0.8891518737672583]","[0.8422712933753943, 0.862776025236593, 0.8375394321766562, 0.8593996840442338, 0.8625592417061612]"
"[0.8737174427782163, 0.9009471191791634, 0.8966061562746646, 0.8994082840236687, 0.901775147928994]","[0.8249211356466877, 0.8517350157728707, 0.8548895899053628, 0.8436018957345972, 0.8546603475513428]"
"[0.8946329913180742, 0.9163378058405682, 0.8993685872138911, 0.9234714003944773, 0.8879684418145957]","[0.8343848580441641, 0.8675078864353313, 0.862776025236593, 0.8483412322274881, 0.8404423380726699]"
"[0.9080505130228888, 0.9242304656669298, 0.9072612470402526, 0.9072978303747534, 0.8907297830374753]","[0.8533123028391167, 0.8659305993690851, 0.8454258675078864, 0.8483412322274881, 0.8404423380726699]"
"[0.888318863456985, 0.9033149171270718, 0.9072612470402526, 0.9199211045364891, 0.8848126232741618]","[0.8533123028391167, 0.8438485804416404, 0.8454258675078864, 0.8751974723538705, 0.8483412322274881]"
"[0.9025256511444357, 0.9135753749013418, 0.909629044988161, 0.904930966469428, 0.8938856015779093]","[0.8517350157728707, 0.8359621451104101, 0.8580441640378549, 0.8341232227488151, 0.8609794628751974]"
"[0.914759273875296, 0.8855564325177585, 0.9348855564325178, 0.927810650887574, 0.9053254437869822]","[0.8264984227129337, 0.8359621451104101, 0.8596214511041009, 0.8546603475513428, 0.8593996840442338]"
"[0.9265982636148382, 0.9179163378058406, 0.9242304656669298, 0.8998027613412228, 0.916370808678501]","[0.8517350157728707, 0.8359621451104101, 0.88801261829653, 0.8499210110584519, 0.8530805687203792]"
"[0.9194948697711128, 0.9088397790055248, 0.9380426203630624, 0.9230769230769231, 0.9250493096646942]","[0.862776025236593, 0.8422712933753943, 0.8722397476340694, 0.8499210110584519, 0.8341232227488151]"
"[0.9171270718232044, 0.9269928966061562, 0.9072612470402526, 0.9353057199211046, 0.9242603550295858]","[0.8422712933753943, 0.8375394321766562, 0.8422712933753943, 0.8420221169036335, 0.8751974723538705]"
"[0.9301499605367008, 0.9340962904498816, 0.9281767955801105, 0.9349112426035503, 0.9230769230769231]","[0.8375394321766562, 0.832807570977918, 0.862776025236593, 0.8436018957345972, 0.8515007898894155]"
"[0.9344909234411997, 0.9368587213891081, 0.9269928966061562, 0.9061143984220907, 0.9353057199211046]","[0.8690851735015773, 0.8359621451104101, 0.8485804416403786, 0.8372827804107424, 0.8593996840442338]"
"[0.9218626677190213, 0.9179163378058406, 0.9285714285714286, 0.9412228796844182, 0.9388560157790927]","[0.832807570977918, 0.8375394321766562, 0.8391167192429022, 0.8641390205371248, 0.8325434439178515]"
"[0.9348855564325178, 0.9396211523283347, 0.9400157853196527, 0.9502958579881656, 0.9199211045364891]","[0.8533123028391167, 0.8375394321766562, 0.8375394321766562, 0.8625592417061612, 0.8925750394944708]"
"[0.8595106550907656, 0.877663772691397, 0.8579321231254933, 0.8690335305719921, 0.8666666666666667]","[0.8233438485804416, 0.8454258675078864, 0.831230283911672, 0.8325434439178515, 0.8388625592417062]"
"[0.867008681925809, 0.5, 0.5, 0.8717948717948718, 0.8662721893491124]","[0.8470031545741324, 0.5, 0.5, 0.8309636650868878, 0.8451816745655608]"
"[0.8658247829518547, 0.8891081294396211, 0.8725335438042621, 0.867061143984221, 0.8757396449704142]","[0.8264984227129337, 0.8470031545741324, 0.8217665615141956, 0.8436018957345972, 0.8230647709320695]"
"[0.8516179952644041, 0.8895027624309392, 0.8922651933701657, 0.8662721893491124, 0.8256410256410256]","[0.8217665615141956, 0.8391167192429022, 0.8548895899053628, 0.8404423380726699, 0.8072669826224329]"
"[0.8898973954222573, 0.82991318074191, 0.8638516179952644, 0.8832347140039448, 0.8591715976331361]","[0.8580441640378549, 0.805993690851735, 0.8359621451104101, 0.8499210110584519, 0.8530805687203792]"
"[0.8958168902920284, 0.8867403314917127, 0.8606945540647198, 0.8998027613412228, 0.86232741617357]","[0.831230283911672, 0.8422712933753943, 0.8391167192429022, 0.8846761453396524, 0.8404423380726699]"
"[0.9009471191791634, 0.9135753749013418, 0.9246250986582478, 0.8927021696252465, 0.8938856015779093]","[0.8391167192429022, 0.8580441640378549, 0.8958990536277602, 0.8341232227488151, 0.8309636650868878]"
"[0.8962115232833465, 0.9013417521704814, 0.8926598263614838, 0.9191321499013807, 0.8840236686390532]","[0.8454258675078864, 0.8564668769716088, 0.8438485804416404, 0.8688783570300158, 0.8515007898894155]"
"[0.9155485398579322, 0.9056827150749802, 0.914364640883978, 0.9120315581854044, 0.9021696252465483]","[0.8406940063091483, 0.8454258675078864, 0.8675078864353313, 0.8578199052132701, 0.8909952606635071]"
"[0.8922651933701657, 0.9064719810576164, 0.93646408839779, 0.9104536489151874, 0.9128205128205128]","[0.8517350157728707, 0.8406940063091483, 0.886435331230284, 0.8625592417061612, 0.8625592417061612]"
"[0.9179163378058406, 0.904104183109708, 0.9131807419100236, 0.9092702169625246, 0.9037475345167653]","[0.8548895899053628, 0.8280757097791798, 0.8406940063091483, 0.8530805687203792, 0.8578199052132701]"
"[0.9238358326756116, 0.9340962904498816, 0.930544593528019, 0.9258382642998028, 0.9116370808678501]","[0.8501577287066246, 0.8485804416403786, 0.8675078864353313, 0.8451816745655608, 0.8546603475513428]"
"[0.909629044988161, 0.9163378058405682, 0.8831886345698501, 0.9171597633136095, 0.9053254437869822]","[0.8422712933753943, 0.8454258675078864, 0.8217665615141956, 0.8404423380726699, 0.8467614533965245]"
"[0.9289660615627466, 0.9447513812154696, 0.9127861089187056, 0.9069033530571992, 0.9076923076923077]","[0.8501577287066246, 0.8738170347003155, 0.8375394321766562, 0.8088467614533965, 0.8593996840442338]"
"[0.9277821625887924, 0.9191002367797948, 0.9242304656669298, 0.9317554240631164, 0.9096646942800789]","[0.8517350157728707, 0.8580441640378549, 0.8438485804416404, 0.8515007898894155, 0.8467614533965245]"
"[0.9471191791633781, 0.930544593528019, 0.9242304656669298, 0.9325443786982248, 0.9431952662721893]","[0.8643533123028391, 0.862776025236593, 0.8580441640378549, 0.8246445497630331, 0.8736176935229067]"
"[0.9301499605367008, 0.9285714285714286, 0.9163378058405682, 0.9128205128205128, 0.904930966469428]","[0.8422712933753943, 0.8391167192429022, 0.8375394321766562, 0.8593996840442338, 0.8372827804107424]"
"[0.9372533543804262, 0.9269928966061562, 0.936069455406472, 0.9258382642998028, 0.9088757396449704]","[0.8517350157728707, 0.832807570977918, 0.8533123028391167, 0.8388625592417062, 0.8593996840442338]"
"[0.93646408839779, 0.9285714285714286, 0.9538279400157853, 0.9435897435897436, 0.9337278106508876]","[0.8533123028391167, 0.8470031545741324, 0.8564668769716088, 0.8751974723538705, 0.8420221169036335]"
"[0.9325177584846093, 0.9400157853196527, 0.9431728492501973, 0.9499013806706115, 0.9502958579881656]","[0.8438485804416404, 0.8249211356466877, 0.8485804416403786, 0.8625592417061612, 0.8546603475513428]"
"[0.925808997632202, 0.9325177584846093, 0.9191002367797948, 0.9266272189349113, 0.9364891518737672]","[0.8596214511041009, 0.832807570977918, 0.8170347003154574, 0.8309636650868878, 0.8404423380726699]"
"[0.8859510655090765, 0.8705603788476717, 0.8745067087608525, 0.8757396449704142, 0.8516765285996055]","[0.8659305993690851, 0.8564668769716088, 0.8470031545741324, 0.8530805687203792, 0.8436018957345972]"
"[0.8733228097868981, 0.5, 0.5, 0.8690335305719921, 0.5001972386587771]","[0.8548895899053628, 0.5, 0.5, 0.8625592417061612, 0.49921011058451814]"
"[0.8745067087608525, 0.8693764798737175, 0.8906866614048935, 0.8859960552268245, 0.8745562130177514]","[0.8470031545741324, 0.8296529968454258, 0.8280757097791798, 0.8199052132701422, 0.8404423380726699]"
"[0.8863456985003947, 0.8962115232833465, 0.8887134964483031, 0.882051282051282, 0.8682445759368836]","[0.8470031545741324, 0.8138801261829653, 0.8580441640378549, 0.8483412322274881, 0.8515007898894155]"
"[0.877663772691397, 0.893843725335438, 0.9021310181531176, 0.8792899408284024, 0.8856015779092702]","[0.8154574132492114, 0.8596214511041009, 0.862776025236593, 0.8499210110584519, 0.8657187993680885]"
"[0.8962115232833465, 0.8800315706393055, 0.8997632202052092, 0.9053254437869822, 0.8840236686390532]","[0.8343848580441641, 0.7981072555205048, 0.861198738170347, 0.8372827804107424, 0.8751974723538705]"
"[0.8973954222573007, 0.9080505130228888, 0.9013417521704814, 0.883629191321499, 0.8946745562130177]","[0.8406940063091483, 0.8233438485804416, 0.8643533123028391, 0.7883096366508688, 0.8830963665086888]"
"[0.9218626677190213, 0.898973954222573, 0.8812154696132597, 0.9321499013806707, 0.901775147928994]","[0.8596214511041009, 0.8517350157728707, 0.8217665615141956, 0.8846761453396524, 0.8483412322274881]"
"[0.9119968429360694, 0.9033149171270718, 0.9080505130228888, 0.9076923076923077, 0.9061143984220907]","[0.8564668769716088, 0.8391167192429022, 0.8564668769716088, 0.8246445497630331, 0.8483412322274881]"
"[0.904498816101026, 0.9112075769534334, 0.9037095501183899, 0.9088757396449704, 0.9171597633136095]","[0.8438485804416404, 0.8470031545741324, 0.8264984227129337, 0.8609794628751974, 0.8641390205371248]"
"[0.9127861089187056, 0.9443567482241515, 0.9183109707971586, 0.9250493096646942, 0.906508875739645]","[0.8533123028391167, 0.8533123028391167, 0.8438485804416404, 0.8578199052132701, 0.8672985781990521]"
"[0.9490923441199685, 0.9356748224151539, 0.9340962904498816, 0.914792899408284, 0.9037475345167653]","[0.8832807570977917, 0.8454258675078864, 0.8517350157728707, 0.8467614533965245, 0.8609794628751974]"
"[0.9368587213891081, 0.936069455406472, 0.9167324388318864, 0.9218934911242603, 0.8998027613412228]","[0.8785488958990536, 0.8454258675078864, 0.8359621451104101, 0.8530805687203792, 0.8436018957345972]"
"[0.920678768745067, 0.936069455406472, 0.9352801894238358, 0.9104536489151874, 0.9428007889546351]","[0.8391167192429022, 0.8501577287066246, 0.8359621451104101, 0.8420221169036335, 0.8862559241706162]"
"[0.9344909234411997, 0.9344909234411997, 0.9431728492501973, 0.9309664694280079, 0.9447731755424064]","[0.8406940063091483, 0.862776025236593, 0.8643533123028391, 0.8388625592417062, 0.8483412322274881]"
"[0.9423835832675612, 0.9301499605367008, 0.9376479873717443, 0.9325443786982248, 0.9530571992110454]","[0.8580441640378549, 0.8296529968454258, 0.8548895899053628, 0.8657187993680885, 0.8562401263823065]"
"[0.9396211523283347, 0.9344909234411997, 0.9218626677190213, 0.9447731755424064, 0.9143984220907297]","[0.862776025236593, 0.8375394321766562, 0.8580441640378549, 0.8625592417061612, 0.8515007898894155]"
"[0.9490923441199685, 0.9423835832675612, 0.9293606945540647, 0.9364891518737672, 0.9424063116370809]","[0.8391167192429022, 0.8533123028391167, 0.8564668769716088, 0.8499210110584519, 0.8325434439178515]"
"[0.930544593528019, 0.9423835832675612, 0.9506708760852407, 0.9530571992110454, 0.9376725838264299]","[0.8296529968454258, 0.8643533123028391, 0.8249211356466877, 0.8909952606635071, 0.8530805687203792]"
"[0.9640883977900553, 0.9585635359116023, 0.9419889502762431, 0.958974358974359, 0.9285996055226824]","[0.8596214511041009, 0.8706624605678234, 0.8391167192429022, 0.8578199052132701, 0.8372827804107424]"
"[0.9439621152328335, 0.9636937647987371, 0.9558011049723757, 0.9684418145956607, 0.9538461538461539]","[0.8391167192429022, 0.8406940063091483, 0.8548895899053628, 0.8736176935229067, 0.8467614533965245]"
"[0.8677979479084451, 0.8812154696132597, 0.8800315706393055, 0.8627218934911243, 0.8710059171597633]","[0.8233438485804416, 0.8422712933753943, 0.831230283911672, 0.8499210110584519, 0.8436018957345972]"
"[0.8756906077348067, 0.7841357537490135, 0.8792423046566693, 0.886785009861933, 0.8678500986193294]","[0.8091482649842271, 0.7933753943217665, 0.8359621451104101, 0.8467614533965245, 0.8625592417061612]"
"[0.8926598263614838, 0.8737174427782163, 0.9100236779794791, 0.8824457593688363, 0.8666666666666667]","[0.8406940063091483, 0.8107255520504731, 0.8564668769716088, 0.8483412322274881, 0.8609794628751974]"
"[0.8946329913180742, 0.8954222573007103, 0.8954222573007103, 0.8800788954635108, 0.8777120315581854]","[0.8359621451104101, 0.8422712933753943, 0.8485804416403786, 0.8641390205371248, 0.8309636650868878]"
"[0.8930544593528019, 0.8887134964483031, 0.8851617995264404, 0.9096646942800789, 0.8946745562130177]","[0.832807570977918, 0.8470031545741324, 0.8359621451104101, 0.8483412322274881, 0.8609794628751974]"
"[0.8942383583267561, 0.914364640883978, 0.9001578531965272, 0.8666666666666667, 0.8970414201183432]","[0.8485804416403786, 0.8706624605678234, 0.8517350157728707, 0.8246445497630331, 0.8278041074249605]"
"[0.898579321231255, 0.8895027624309392, 0.9005524861878453, 0.9199211045364891, 0.9207100591715977]","[0.8438485804416404, 0.8501577287066246, 0.8375394321766562, 0.8609794628751974, 0.8625592417061612]"
"[0.9123914759273876, 0.9088397790055248, 0.9005524861878453, 0.9242603550295858, 0.9045364891518738]","[0.862776025236593, 0.8470031545741324, 0.8264984227129337, 0.8625592417061612, 0.8720379146919431]"
"[0.9179163378058406, 0.9419889502762431, 0.914364640883978, 0.9025641025641026, 0.9100591715976332]","[0.861198738170347, 0.8722397476340694, 0.8675078864353313, 0.8357030015797788, 0.8578199052132701]"
"[0.9175217048145224, 0.9396211523283347, 0.914759273875296, 0.9250493096646942, 0.9128205128205128]","[0.8406940063091483, 0.861198738170347, 0.8391167192429022, 0.8578199052132701, 0.8451816745655608]"
"[0.9056827150749802, 0.9400157853196527, 0.9187056037884768, 0.914792899408284, 0.9258382642998028]","[0.8485804416403786, 0.8359621451104101, 0.8249211356466877, 0.8199052132701422, 0.8609794628751974]"
"[0.9506708760852407, 0.9179163378058406, 0.9546172059984215, 0.9199211045364891, 0.9151873767258383]","[0.8548895899053628, 0.8422712933753943, 0.8785488958990536, 0.8388625592417062, 0.8325434439178515]"
"[0.9025256511444357, 0.9187056037884768, 0.9443567482241515, 0.9222879684418146, 0.9388560157790927]","[0.8359621451104101, 0.8454258675078864, 0.862776025236593, 0.8767772511848341, 0.8357030015797788]"
"[0.9459352801894239, 0.9561957379636937, 0.9238358326756116, 0.9522682445759368, 0.9368836291913215]","[0.861198738170347, 0.8675078864353313, 0.8485804416403786, 0.8799368088467614, 0.8736176935229067]"
"[0.9443567482241515, 0.9538279400157853, 0.9348855564325178, 0.9301775147928995, 0.9518737672583827]","[0.8264984227129337, 0.8375394321766562, 0.8675078864353313, 0.8593996840442338, 0.8641390205371248]"
"[0.9625098658247829, 0.9431728492501973, 0.9380426203630624, 0.9238658777120315, 0.9467455621301775]","[0.8738170347003155, 0.8422712933753943, 0.8817034700315457, 0.8483412322274881, 0.8436018957345972]"
"[0.9463299131807419, 0.9601420678768745, 0.9451460142067877, 0.9368836291913215, 0.9573964497041421]","[0.8501577287066246, 0.861198738170347, 0.8706624605678234, 0.8388625592417062, 0.8672985781990521]"
"[0.9368587213891081, 0.9427782162588793, 0.9636937647987371, 0.9380670611439842, 0.9428007889546351]","[0.8659305993690851, 0.8391167192429022, 0.8564668769716088, 0.8672985781990521, 0.8420221169036335]"
"[0.920284135753749, 0.9565903709550119, 0.9700078926598263, 0.9439842209072978, 0.9258382642998028]","[0.8485804416403786, 0.8217665615141956, 0.8659305993690851, 0.8388625592417062, 0.8657187993680885]"
"[0.9514601420678769, 0.9601420678768745, 0.9589581689029203, 0.9538461538461539, 0.9506903353057199]","[0.8359621451104101, 0.8406940063091483, 0.862776025236593, 0.8404423380726699, 0.8609794628751974]"
"[0.9423835832675612, 0.9589581689029203, 0.9423835832675612, 0.9566074950690335, 0.960552268244576]","[0.8438485804416404, 0.8391167192429022, 0.8249211356466877, 0.8404423380726699, 0.8372827804107424]"
"[0.8705603788476717, 0.893843725335438, 0.861878453038674, 0.8777120315581854, 0.8871794871794871]","[0.8517350157728707, 0.8485804416403786, 0.8123028391167192, 0.8578199052132701, 0.8625592417061612]"
"[0.8820047355958959, 0.8847671665351223, 0.8914759273875296, 0.8658777120315582, 0.8710059171597633]","[0.8170347003154574, 0.8359621451104101, 0.8422712933753943, 0.8309636650868878, 0.8609794628751974]"
"[0.9123914759273876, 0.9108129439621152, 0.8906866614048935, 0.8796844181459567, 0.8765285996055227]","[0.8643533123028391, 0.8517350157728707, 0.8533123028391167, 0.8609794628751974, 0.8625592417061612]"
"[0.915153906866614, 0.8997632202052092, 0.8887134964483031, 0.8907297830374753, 0.8678500986193294]","[0.8470031545741324, 0.8186119873817035, 0.8548895899053628, 0.8246445497630331, 0.8309636650868878]"
"[0.9112075769534334, 0.9175217048145224, 0.9116022099447514, 0.8796844181459567, 0.8875739644970414]","[0.832807570977918, 0.8359621451104101, 0.8564668769716088, 0.8167456556082149, 0.8657187993680885]"
"[0.925808997632202, 0.8918705603788477, 0.9009471191791634, 0.8978303747534516, 0.8923076923076924]","[0.8659305993690851, 0.807570977917981, 0.8470031545741324, 0.8388625592417062, 0.8593996840442338]"
"[0.914364640883978, 0.914364640883978, 0.9052880820836622, 0.8954635108481263, 0.8942800788954635]","[0.8422712933753943, 0.8359621451104101, 0.8596214511041009, 0.8357030015797788, 0.8420221169036335]"
"[0.9281767955801105, 0.9352801894238358, 0.9179163378058406, 0.9211045364891519, 0.9061143984220907]","[0.8406940063091483, 0.8485804416403786, 0.8564668769716088, 0.8562401263823065, 0.8515007898894155]"
"[0.9076558800315706, 0.920284135753749, 0.9226519337016574, 0.9167652859960552, 0.9380670611439842]","[0.8280757097791798, 0.8264984227129337, 0.8391167192429022, 0.8593996840442338, 0.8783570300157978]"
"[0.9033149171270718, 0.9376479873717443, 0.9388318863456985, 0.9136094674556213, 0.9282051282051282]","[0.8123028391167192, 0.8517350157728707, 0.862776025236593, 0.8483412322274881, 0.8388625592417062]"
"[0.9337016574585635, 0.9313338595106551, 0.9376479873717443, 0.9072978303747534, 0.934516765285996]","[0.8217665615141956, 0.8501577287066246, 0.861198738170347, 0.8262243285939969, 0.8688783570300158]"
"[0.9455406471981057, 0.9135753749013418, 0.94672454617206, 0.9293885601577909, 0.9404339250493097]","[0.8580441640378549, 0.8170347003154574, 0.8533123028391167, 0.8530805687203792, 0.8593996840442338]"
"[0.9498816101026045, 0.9404104183109708, 0.9605367008681925, 0.9388560157790927, 0.9483234714003945]","[0.8785488958990536, 0.8264984227129337, 0.8706624605678234, 0.8293838862559242, 0.8578199052132701]"
"[0.9514601420678769, 0.9518547750591949, 0.9368587213891081, 0.9337278106508876, 0.9266272189349113]","[0.8753943217665615, 0.8501577287066246, 0.8485804416403786, 0.8246445497630331, 0.8404423380726699]"
"[0.9289660615627466, 0.9565903709550119, 0.9463299131807419, 0.9585798816568047, 0.9562130177514793]","[0.8170347003154574, 0.8217665615141956, 0.8517350157728707, 0.8530805687203792, 0.8609794628751974]"
"[0.9589581689029203, 0.9494869771112865, 0.9538279400157853, 0.9668639053254438, 0.9554240631163708]","[0.8690851735015773, 0.8359621451104101, 0.862776025236593, 0.8704581358609794, 0.8420221169036335]"
"[0.9632991318074191, 0.9384372533543804, 0.9348855564325178, 0.9609467455621302, 0.9317554240631164]","[0.8643533123028391, 0.8517350157728707, 0.8517350157728707, 0.8515007898894155, 0.8562401263823065]"
"[0.9486977111286503, 0.9486977111286503, 0.9435674822415154, 0.968836291913215, 0.9510848126232742]","[0.8454258675078864, 0.8296529968454258, 0.8296529968454258, 0.8436018957345972, 0.8451816745655608]"
"[0.9723756906077348, 0.9455406471981057, 0.9696132596685083, 0.9775147928994082, 0.958974358974359]","[0.8296529968454258, 0.8343848580441641, 0.8564668769716088, 0.8578199052132701, 0.8578199052132701]"
"[0.9510655090765588, 0.9747434885556433, 0.9605367008681925, 0.9593688362919132, 0.9648915187376725]","[0.8454258675078864, 0.8296529968454258, 0.8643533123028391, 0.8230647709320695, 0.8467614533965245]"
"[0.9632991318074191, 0.9700078926598263, 0.9704025256511445, 0.9767258382642998, 0.9712031558185404]","[0.8564668769716088, 0.8264984227129337, 0.8580441640378549, 0.8309636650868878, 0.8293838862559242]"
"[0.8887134964483031, 0.8958168902920284, 0.8914759273875296, 0.882051282051282, 0.8785009861932939]","[0.8517350157728707, 0.8406940063091483, 0.8438485804416404, 0.8515007898894155, 0.8546603475513428]"
"[0.8847671665351223, 0.8895027624309392, 0.8847671665351223, 0.8658777120315582, 0.8603550295857988]","[0.832807570977918, 0.8123028391167192, 0.832807570977918, 0.8467614533965245, 0.8388625592417062]"
"[0.9052880820836622, 0.8772691397000789, 0.9056827150749802, 0.8946745562130177, 0.8879684418145957]","[0.8249211356466877, 0.8107255520504731, 0.8485804416403786, 0.8483412322274881, 0.8483412322274881]"
"[0.8977900552486188, 0.8871349644830308, 0.9009471191791634, 0.9005917159763314, 0.8840236686390532]","[0.8596214511041009, 0.831230283911672, 0.8564668769716088, 0.8672985781990521, 0.8404423380726699]"
"[0.888318863456985, 0.9155485398579322, 0.898579321231255, 0.9057199211045365, 0.9053254437869822]","[0.8186119873817035, 0.8470031545741324, 0.8375394321766562, 0.8499210110584519, 0.8625592417061612]"
"[0.9029202841357538, 0.8958168902920284, 0.9171270718232044, 0.903353057199211, 0.9203155818540434]","[0.8422712933753943, 0.8438485804416404, 0.8548895899053628, 0.8420221169036335, 0.8483412322274881]"
"[0.9033149171270718, 0.8950276243093923, 0.9222573007103394, 0.9029585798816568, 0.9021696252465483]","[0.832807570977918, 0.8264984227129337, 0.8564668769716088, 0.8214849921011058, 0.8388625592417062]"
"[0.9238358326756116, 0.9262036306235202, 0.930544593528019, 0.9274161735700197, 0.9187376725838264]","[0.8533123028391167, 0.8391167192429022, 0.861198738170347, 0.8530805687203792, 0.8420221169036335]"
"[0.9246250986582478, 0.9297553275453828, 0.9317284925019732, 0.9076923076923077, 0.9309664694280079]","[0.8391167192429022, 0.862776025236593, 0.8643533123028391, 0.8199052132701422, 0.8562401263823065]"
"[0.930939226519337, 0.9396211523283347, 0.9384372533543804, 0.947534516765286, 0.9289940828402367]","[0.8422712933753943, 0.8485804416403786, 0.8438485804416404, 0.8499210110584519, 0.8593996840442338]"
"[0.941594317284925, 0.9384372533543804, 0.9325177584846093, 0.9329388560157791, 0.9424063116370809]","[0.8296529968454258, 0.8501577287066246, 0.8501577287066246, 0.8372827804107424, 0.8436018957345972]"
"[0.9609313338595107, 0.9550118389897395, 0.9372533543804262, 0.9431952662721893, 0.9400394477317554]","[0.8470031545741324, 0.8406940063091483, 0.8706624605678234, 0.8467614533965245, 0.8483412322274881]"
"[0.9554064719810577, 0.9522494080505131, 0.9526440410418311, 0.9274161735700197, 0.9384615384615385]","[0.8470031545741324, 0.8470031545741324, 0.8738170347003155, 0.8325434439178515, 0.8562401263823065]"
"[0.93646408839779, 0.9573796369376479, 0.9629044988161011, 0.9250493096646942, 0.9597633136094674]","[0.8517350157728707, 0.8422712933753943, 0.8501577287066246, 0.8309636650868878, 0.8767772511848341]"
"[0.9443567482241515, 0.9660615627466457, 0.9396211523283347, 0.9562130177514793, 0.9420118343195266]","[0.8217665615141956, 0.8280757097791798, 0.8422712933753943, 0.8436018957345972, 0.8688783570300158]"
"[0.9621152328334649, 0.9636937647987371, 0.9601420678768745, 0.9546351084812623, 0.9621301775147929]","[0.8517350157728707, 0.8564668769716088, 0.8580441640378549, 0.8483412322274881, 0.8704581358609794]"
"[0.9486977111286503, 0.9558011049723757, 0.9483030781373323, 0.960552268244576, 0.9704142011834319]","[0.8501577287066246, 0.831230283911672, 0.8501577287066246, 0.8467614533965245, 0.8593996840442338]"
"[0.9790844514601421, 0.9636937647987371, 0.9759273875295975, 0.9644970414201184, 0.9538461538461539]","[0.831230283911672, 0.8422712933753943, 0.8264984227129337, 0.8072669826224329, 0.8246445497630331]"
"[0.968034727703236, 0.9727703235990529, 0.9688239936858721, 0.9664694280078896, 0.978698224852071]","[0.8533123028391167, 0.8359621451104101, 0.8391167192429022, 0.8530805687203792, 0.8436018957345972]"
"[0.9561957379636937, 0.9771112865035517, 0.9877663772691397, 0.9743589743589743, 0.9522682445759368]","[0.8454258675078864, 0.8186119873817035, 0.8533123028391167, 0.8404423380726699, 0.8688783570300158]"
"[0.9826361483820047, 0.9636937647987371, 0.9700078926598263, 0.9822485207100592, 0.9621301775147929]","[0.8690851735015773, 0.8375394321766562, 0.831230283911672, 0.8688783570300158, 0.8451816745655608]"
"[0.8756906077348067, 0.8898973954222573, 0.8922651933701657, 0.87534516765286, 0.8749506903353057]","[0.8296529968454258, 0.8454258675078864, 0.8454258675078864, 0.8230647709320695, 0.8609794628751974]"
"[0.5, 0.8843725335438043, 0.8891081294396211, 0.8781065088757396, 0.886785009861933]","[0.5, 0.8217665615141956, 0.8359621451104101, 0.8420221169036335, 0.8357030015797788]"
"[0.8772691397000789, 0.9048934490923441, 0.8906866614048935, 0.8832347140039448, 0.8852071005917159]","[0.8249211356466877, 0.8422712933753943, 0.8186119873817035, 0.8293838862559242, 0.8420221169036335]"
"[0.9037095501183899, 0.9076558800315706, 0.9084451460142068, 0.8986193293885602, 0.893491124260355]","[0.831230283911672, 0.8485804416403786, 0.8564668769716088, 0.8262243285939969, 0.8262243285939969]"
"[0.9021310181531176, 0.9013417521704814, 0.9337016574585635, 0.8962524654832347, 0.8911242603550296]","[0.8548895899053628, 0.832807570977918, 0.886435331230284, 0.8325434439178515, 0.8593996840442338]"
"[0.9214680347277032, 0.9250197316495659, 0.9052880820836622, 0.9100591715976332, 0.8583826429980276]","[0.8548895899053628, 0.8548895899053628, 0.8233438485804416, 0.8357030015797788, 0.8246445497630331]"
"[0.8926598263614838, 0.9218626677190213, 0.9139700078926598, 0.9353057199211046, 0.9053254437869822]","[0.8249211356466877, 0.8438485804416404, 0.8675078864353313, 0.8593996840442338, 0.8641390205371248]"
"[0.9486977111286503, 0.9372533543804262, 0.930544593528019, 0.9285996055226824, 0.9313609467455621]","[0.8501577287066246, 0.8548895899053628, 0.8548895899053628, 0.8483412322274881, 0.8720379146919431]"
"[0.9348855564325178, 0.9273875295974744, 0.9558011049723757, 0.9226824457593689, 0.9341222879684418]","[0.8817034700315457, 0.8785488958990536, 0.8675078864353313, 0.8451816745655608, 0.8404423380726699]"
"[0.9479084451460142, 0.9230465666929756, 0.9431728492501973, 0.9550295857988166, 0.936094674556213]","[0.8359621451104101, 0.8564668769716088, 0.8738170347003155, 0.8278041074249605, 0.8593996840442338]"
"[0.9573796369376479, 0.9506708760852407, 0.9404104183109708, 0.9353057199211046, 0.9495069033530572]","[0.8596214511041009, 0.8186119873817035, 0.8470031545741324, 0.8609794628751974, 0.8593996840442338]"
"[0.9542225730071034, 0.9443567482241515, 0.9451460142067877, 0.9570019723865878, 0.9514792899408284]","[0.8201892744479495, 0.8675078864353313, 0.8375394321766562, 0.8815165876777251, 0.8325434439178515]"
"[0.9498816101026045, 0.9514601420678769, 0.9715864246250987, 0.9495069033530572, 0.9625246548323472]","[0.8406940063091483, 0.8564668769716088, 0.8580441640378549, 0.8546603475513428, 0.8372827804107424]"
"[0.9676400947119179, 0.9581689029202841, 0.9605367008681925, 0.9487179487179487, 0.9538461538461539]","[0.8517350157728707, 0.8359621451104101, 0.8548895899053628, 0.8609794628751974, 0.8562401263823065]"
"[0.9715864246250987, 0.9569850039463299, 0.9881610102604578, 0.9546351084812623, 0.9680473372781065]","[0.8517350157728707, 0.832807570977918, 0.88801261829653, 0.8562401263823065, 0.8436018957345972]"
"[0.973559589581689, 0.9798737174427782, 0.9704025256511445, 0.9499013806706115, 0.9704142011834319]","[0.8454258675078864, 0.8454258675078864, 0.8722397476340694, 0.8309636650868878, 0.8609794628751974]"
"[0.9585635359116023, 0.9739542225730071, 0.9700078926598263, 0.9712031558185404, 0.9629191321499014]","[0.8343848580441641, 0.8454258675078864, 0.8675078864353313, 0.8499210110584519, 0.8372827804107424]"
"[0.9723756906077348, 0.9585635359116023, 0.9490923441199685, 0.98698224852071, 0.967258382642998]","[0.8659305993690851, 0.8170347003154574, 0.8391167192429022, 0.8436018957345972, 0.8451816745655608]"
"[0.9625098658247829, 0.9767166535122336, 0.9656669297553275, 0.9956607495069033, 0.9585798816568047]","[0.8485804416403786, 0.831230283911672, 0.8517350157728707, 0.8483412322274881, 0.8451816745655608]"
"[0.9885556432517758, 0.9861878453038674, 0.989344909234412, 0.9641025641025641, 0.9826429980276135]","[0.8501577287066246, 0.8264984227129337, 0.7981072555205048, 0.8499210110584519, 0.8515007898894155]"
"[0.9853985793212312, 0.9794790844514601, 0.9743488555643252, 1.0, 0.9735700197238659]","[0.8438485804416404, 0.8501577287066246, 0.8438485804416404, 0.8309636650868878, 0.8214849921011058]"
"[0.89344909234412, 0.888318863456985, 0.8867403314917127, 0.8725838264299802, 0.8911242603550296]","[0.8438485804416404, 0.8296529968454258, 0.8249211356466877, 0.8246445497630331, 0.8767772511848341]"
"[0.8946329913180742, 0.8835832675611681, 0.9001578531965272, 0.8721893491124261, 0.8840236686390532]","[0.8264984227129337, 0.8138801261829653, 0.8422712933753943, 0.8293838862559242, 0.8467614533965245]"
"[0.9230465666929756, 0.8816101026045777, 0.8831886345698501, 0.8654832347140039, 0.8986193293885602]","[0.861198738170347, 0.805993690851735, 0.8154574132492114, 0.8214849921011058, 0.8578199052132701]"
"[0.8867403314917127, 0.9060773480662984, 0.9084451460142068, 0.8942800788954635, 0.8986193293885602]","[0.8296529968454258, 0.831230283911672, 0.8470031545741324, 0.8483412322274881, 0.8483412322274881]"
"[0.9135753749013418, 0.9123914759273876, 0.8851617995264404, 0.9136094674556213, 0.9167652859960552]","[0.8422712933753943, 0.832807570977918, 0.8186119873817035, 0.8515007898894155, 0.8688783570300158]"
"[0.9155485398579322, 0.925414364640884, 0.9372533543804262, 0.9242603550295858, 0.901775147928994]","[0.8454258675078864, 0.8470031545741324, 0.8517350157728707, 0.8546603475513428, 0.8720379146919431]"
"[0.9214680347277032, 0.9317284925019732, 0.9344909234411997, 0.9254437869822485, 0.9333333333333333]","[0.8580441640378549, 0.8596214511041009, 0.8675078864353313, 0.8388625592417062, 0.8499210110584519]"
"[0.9376479873717443, 0.9597474348855565, 0.9396211523283347, 0.9412228796844182, 0.9132149901380671]","[0.8391167192429022, 0.8517350157728707, 0.8801261829652997, 0.8657187993680885, 0.8451816745655608]"
"[0.9609313338595107, 0.9376479873717443, 0.9447513812154696, 0.9585798816568047, 0.9246548323471401]","[0.8769716088328076, 0.8564668769716088, 0.8501577287066246, 0.8609794628751974, 0.8420221169036335]"
"[0.9565903709550119, 0.9490923441199685, 0.94672454617206, 0.9289940828402367, 0.9439842209072978]","[0.8548895899053628, 0.8690851735015773, 0.889589905362776, 0.8672985781990521, 0.8625592417061612]"
"[0.9723756906077348, 0.9581689029202841, 0.9593528018942383, 0.9629191321499014, 0.9447731755424064]","[0.8690851735015773, 0.8422712933753943, 0.8706624605678234, 0.8657187993680885, 0.8625592417061612]"
"[0.9573796369376479, 0.9782951854775059, 0.9676400947119179, 0.9491124260355029, 0.9463510848126233]","[0.8454258675078864, 0.8675078864353313, 0.8501577287066246, 0.8483412322274881, 0.8783570300157978]"
"[0.9755327545382794, 0.9471191791633781, 0.9656669297553275, 0.9712031558185404, 0.9487179487179487]","[0.8470031545741324, 0.8123028391167192, 0.8596214511041009, 0.8451816745655608, 0.8515007898894155]"
"[0.9704025256511445, 0.9696132596685083, 0.9782951854775059, 0.9684418145956607, 0.9617357001972386]","[0.831230283911672, 0.8596214511041009, 0.861198738170347, 0.8372827804107424, 0.8609794628751974]"
"[0.9751381215469613, 0.978689818468824, 0.9763220205209155, 0.9759368836291913, 0.9692307692307692]","[0.8375394321766562, 0.8548895899053628, 0.8564668769716088, 0.8499210110584519, 0.8499210110584519]"
"[0.9676400947119179, 0.9447513812154696, 0.9877663772691397, 0.9676528599605523, 0.9491124260355029]","[0.832807570977918, 0.8217665615141956, 0.8470031545741324, 0.8578199052132701, 0.8293838862559242]"
"[0.973559589581689, 0.973559589581689, 0.9850039463299132, 0.9881656804733728, 0.9510848126232742]","[0.8375394321766562, 0.8280757097791798, 0.8517350157728707, 0.8562401263823065, 0.8546603475513428]"
"[0.9932912391475928, 0.9672454617205999, 0.9873717442778216, 0.9743589743589743, 0.9747534516765286]","[0.804416403785489, 0.832807570977918, 0.862776025236593, 0.8546603475513428, 0.8815165876777251]"
"[0.9928966061562746, 0.9857932123125493, 0.9727703235990529, 0.9648915187376725, 0.9834319526627219]","[0.8438485804416404, 0.861198738170347, 0.8643533123028391, 0.8483412322274881, 0.8278041074249605]"
"[0.9960536700868192, 0.9790844514601421, 0.9885556432517758, 0.9850098619329388, 0.9850098619329388]","[0.8485804416403786, 0.8154574132492114, 0.8343848580441641, 0.8546603475513428, 0.8483412322274881]"
"[0.9846093133385951, 0.989344909234412, 0.9901341752170482, 0.9854043392504931, 0.9644970414201184]","[0.8470031545741324, 0.8343848580441641, 0.8533123028391167, 0.8388625592417062, 0.8483412322274881]"
"[0.8902920284135754, 0.9084451460142068, 0.9033149171270718, 0.9100591715976332, 0.901775147928994]","[0.831230283911672, 0.8675078864353313, 0.8548895899053628, 0.8467614533965245, 0.8641390205371248]"
"[0.5, 0.8958168902920284, 0.8879242304656669, 0.8923076923076924, 0.8808678500986193]","[0.5, 0.8343848580441641, 0.8280757097791798, 0.8420221169036335, 0.8262243285939969]"
"[0.8780584056827151, 0.8614838200473559, 0.8855564325177585, 0.9096646942800789, 0.9013806706114399]","[0.8249211356466877, 0.7933753943217665, 0.8280757097791798, 0.8609794628751974, 0.8767772511848341]"
"[0.9088397790055248, 0.920284135753749, 0.914759273875296, 0.904930966469428, 0.9076923076923077]","[0.8438485804416404, 0.8548895899053628, 0.8422712933753943, 0.8420221169036335, 0.8530805687203792]"
"[0.930939226519337, 0.8950276243093923, 0.8977900552486188, 0.9218934911242603, 0.8848126232741618]","[0.8690851735015773, 0.8359621451104101, 0.8233438485804416, 0.8436018957345972, 0.8546603475513428]"
"[0.9269928966061562, 0.9348855564325178, 0.93646408839779, 0.8875739644970414, 0.9140039447731756]","[0.8438485804416404, 0.8675078864353313, 0.862776025236593, 0.8372827804107424, 0.8562401263823065]"
"[0.9175217048145224, 0.9392265193370166, 0.9329123914759274, 0.9234714003944773, 0.9297830374753452]","[0.8706624605678234, 0.8375394321766562, 0.8485804416403786, 0.8436018957345972, 0.8672985781990521]"
"[0.9494869771112865, 0.9325177584846093, 0.9561957379636937, 0.9211045364891519, 0.9353057199211046]","[0.8359621451104101, 0.8375394321766562, 0.8801261829652997, 0.8499210110584519, 0.8546603475513428]"
"[0.9542225730071034, 0.9479084451460142, 0.9561957379636937, 0.9546351084812623, 0.9285996055226824]","[0.8643533123028391, 0.8753943217665615, 0.8659305993690851, 0.8230647709320695, 0.8641390205371248]"
"[0.9380426203630624, 0.9632991318074191, 0.9419889502762431, 0.9506903353057199, 0.9309664694280079]","[0.8470031545741324, 0.8517350157728707, 0.8343848580441641, 0.8451816745655608, 0.8436018957345972]"
"[0.9656669297553275, 0.9676400947119179, 0.9609313338595107, 0.9609467455621302, 0.9435897435897436]","[0.8659305993690851, 0.8375394321766562, 0.8659305993690851, 0.8641390205371248, 0.8704581358609794]"
"[0.9601420678768745, 0.9771112865035517, 0.9704025256511445, 0.9751479289940829, 0.9495069033530572]","[0.8406940063091483, 0.8343848580441641, 0.88801261829653, 0.8467614533965245, 0.8499210110584519]"
"[0.9676400947119179, 0.9869771112865036, 0.9711917916337806, 0.9566074950690335, 0.967258382642998]","[0.8596214511041009, 0.8485804416403786, 0.8517350157728707, 0.8293838862559242, 0.8625592417061612]"
"[0.9617205998421468, 0.9731649565903709, 0.9676400947119179, 0.9704142011834319, 0.9554240631163708]","[0.8359621451104101, 0.8659305993690851, 0.8690851735015773, 0.8483412322274881, 0.8530805687203792]"
"[0.9731649565903709, 0.9747434885556433, 0.9755327545382794, 0.9818540433925049, 0.9790927021696253]","[0.8517350157728707, 0.8580441640378549, 0.8706624605678234, 0.8783570300157978, 0.8467614533965245]"
"[0.9731649565903709, 0.9767166535122336, 0.9790844514601421, 0.9794871794871794, 0.9719921104536489]","[0.831230283911672, 0.8296529968454258, 0.8375394321766562, 0.8515007898894155, 0.8341232227488151]"
"[0.9830307813733228, 0.9798737174427782, 0.9688239936858721, 0.9861932938856016, 0.9842209072978304]","[0.832807570977918, 0.8264984227129337, 0.8580441640378549, 0.8641390205371248, 0.8499210110584519]"
"[0.98973954222573, 0.9885556432517758, 0.9964483030781374, 0.9830374753451676, 0.9948717948717949]","[0.8391167192429022, 0.8517350157728707, 0.8406940063091483, 0.8467614533965245, 0.8546603475513428]"
"[0.9885556432517758, 0.9747434885556433, 0.9846093133385951, 0.9976331360946745, 0.9925049309664694]","[0.8264984227129337, 0.8186119873817035, 0.8801261829652997, 0.8325434439178515, 0.8325434439178515]"
"[0.9881610102604578, 0.9850039463299132, 0.9984214680347278, 0.9976331360946745, 0.9842209072978304]","[0.8722397476340694, 0.8438485804416404, 0.8186119873817035, 0.8593996840442338, 0.8515007898894155]"
"[0.9976322020520916, 0.9964483030781374, 0.988950276243094, 0.9956607495069033, 0.9968441814595661]","[0.8485804416403786, 0.832807570977918, 0.8580441640378549, 0.8499210110584519, 0.8388625592417062]"
"[0.9159431728492502, 0.8954222573007103, 0.9021310181531176, 0.8966469428007889, 0.8974358974358975]","[0.8706624605678234, 0.8422712933753943, 0.8548895899053628, 0.8625592417061612, 0.8436018957345972]"
"[0.8745067087608525, 0.5, 0.9052880820836622, 0.9159763313609467, 0.9096646942800789]","[0.8249211356466877, 0.5, 0.8596214511041009, 0.8467614533965245, 0.8657187993680885]"
"[0.9187056037884768, 0.8997632202052092, 0.8784530386740331, 0.9120315581854044, 0.916370808678501]","[0.8564668769716088, 0.8280757097791798, 0.8123028391167192, 0.8720379146919431, 0.8672985781990521]"
"[0.9163378058405682, 0.9163378058405682, 0.898579321231255, 0.9143984220907297, 0.9191321499013807]","[0.8501577287066246, 0.8391167192429022, 0.8280757097791798, 0.8562401263823065, 0.8720379146919431]"
"[0.9226519337016574, 0.9187056037884768, 0.9293606945540647, 0.9151873767258383, 0.9187376725838264]","[0.8706624605678234, 0.8233438485804416, 0.832807570977918, 0.8293838862559242, 0.8578199052132701]"
"[0.9352801894238358, 0.9423835832675612, 0.925414364640884, 0.9124260355029585, 0.926232741617357]","[0.862776025236593, 0.8517350157728707, 0.8454258675078864, 0.8388625592417062, 0.8688783570300158]"
"[0.9510655090765588, 0.9459352801894239, 0.9408050513022889, 0.9171597633136095, 0.9084812623274162]","[0.8533123028391167, 0.8391167192429022, 0.861198738170347, 0.8578199052132701, 0.8625592417061612]"
"[0.9376479873717443, 0.9550118389897395, 0.9542225730071034, 0.9372781065088758, 0.9483234714003945]","[0.8454258675078864, 0.8596214511041009, 0.8690851735015773, 0.8609794628751974, 0.8672985781990521]"
"[0.9463299131807419, 0.9597474348855565, 0.9435674822415154, 0.9652859960552268, 0.9641025641025641]","[0.8249211356466877, 0.861198738170347, 0.8438485804416404, 0.8530805687203792, 0.8593996840442338]"
"[0.9625098658247829, 0.9573796369376479, 0.9660615627466457, 0.9530571992110454, 0.9420118343195266]","[0.8470031545741324, 0.8375394321766562, 0.8517350157728707, 0.8704581358609794, 0.8388625592417062]"
"[0.9589581689029203, 0.9573796369376479, 0.9676400947119179, 0.9747534516765286, 0.9617357001972386]","[0.8470031545741324, 0.8123028391167192, 0.8580441640378549, 0.8499210110584519, 0.8436018957345972]"
"[0.9731649565903709, 0.9558011049723757, 0.9775059194948698, 0.9660749506903353, 0.9723865877712031]","[0.8391167192429022, 0.8548895899053628, 0.8738170347003155, 0.8593996840442338, 0.8467614533965245]"
"[0.984214680347277, 0.9640883977900553, 0.9826361483820047, 0.9735700197238659, 0.9380670611439842]","[0.8596214511041009, 0.8375394321766562, 0.8675078864353313, 0.8515007898894155, 0.8483412322274881]"
"[0.9656669297553275, 0.9601420678768745, 0.9869771112865036, 0.968836291913215, 0.9491124260355029]","[0.8422712933753943, 0.8264984227129337, 0.8422712933753943, 0.8546603475513428, 0.8483412322274881]"
"[0.9873717442778216, 0.9743488555643252, 0.9751381215469613, 0.9621301775147929, 0.9783037475345168]","[0.832807570977918, 0.8296529968454258, 0.8533123028391167, 0.8199052132701422, 0.8357030015797788]"
"[0.9822415153906867, 0.994869771112865, 0.9707971586424625, 0.9822485207100592, 0.968836291913215]","[0.8659305993690851, 0.8422712933753943, 0.8170347003154574, 0.8815165876777251, 0.8499210110584519]"
"[0.9775059194948698, 0.9759273875295975, 0.9936858721389108, 0.9865877712031558, 0.9932938856015779]","[0.8738170347003155, 0.8091482649842271, 0.8517350157728707, 0.8451816745655608, 0.8404423380726699]"
"[0.984214680347277, 0.994475138121547, 0.9932912391475928, 0.9889546351084813, 0.9755424063116371]","[0.8548895899053628, 0.8422712933753943, 0.8501577287066246, 0.8372827804107424, 0.8641390205371248]"
"[0.98973954222573, 0.999605367008682, 0.9972375690607734, 0.9980276134122288, 0.9818540433925049]","[0.8186119873817035, 0.832807570977918, 0.8533123028391167, 0.8420221169036335, 0.8483412322274881]"
"[0.9968429360694554, 0.994869771112865, 0.9984214680347278, 0.9980276134122288, 0.9952662721893492]","[0.8280757097791798, 0.8359621451104101, 0.8659305993690851, 0.8262243285939969, 0.8420221169036335]"
"[0.9984214680347278, 0.994475138121547, 0.989344909234412, 0.9925049309664694, 0.9972386587771204]","[0.8501577287066246, 0.8249211356466877, 0.807570977917981, 0.8388625592417062, 0.8499210110584519]"
"[0.9325177584846093, 0.8977900552486188, 0.9104183109707972, 0.9084812623274162, 0.8919132149901381]","[0.8817034700315457, 0.8233438485804416, 0.8533123028391167, 0.8767772511848341, 0.8657187993680885]"
"[0.8926598263614838, 0.8681925808997633, 0.5, 0.9175542406311638, 0.883629191321499]","[0.8170347003154574, 0.807570977917981, 0.5, 0.8625592417061612, 0.8278041074249605]"
"[0.9080505130228888, 0.9112075769534334, 0.8946329913180742, 0.8808678500986193, 0.9167652859960552]","[0.8296529968454258, 0.8470031545741324, 0.8501577287066246, 0.8278041074249605, 0.8751974723538705]"
"[0.925808997632202, 0.898579321231255, 0.9183109707971586, 0.9187376725838264, 0.9151873767258383]","[0.8580441640378549, 0.8154574132492114, 0.861198738170347, 0.8515007898894155, 0.8799368088467614]"
"[0.9577742699289661, 0.9131807419100236, 0.9329123914759274, 0.9270216962524654, 0.927810650887574]","[0.8659305993690851, 0.8375394321766562, 0.861198738170347, 0.8641390205371248, 0.8515007898894155]"
"[0.9056827150749802, 0.9333070244672454, 0.9317284925019732, 0.9333333333333333, 0.9502958579881656]","[0.8264984227129337, 0.8580441640378549, 0.8596214511041009, 0.8341232227488151, 0.8688783570300158]"
"[0.925414364640884, 0.930544593528019, 0.9435674822415154, 0.9167652859960552, 0.9053254437869822]","[0.8596214511041009, 0.8454258675078864, 0.8722397476340694, 0.8562401263823065, 0.8278041074249605]"
"[0.9439621152328335, 0.9498816101026045, 0.9763220205209155, 0.8915187376725838, 0.9447731755424064]","[0.8454258675078864, 0.8375394321766562, 0.8690851735015773, 0.7930489731437599, 0.8420221169036335]"
"[0.9684293606945541, 0.9711917916337806, 0.9546172059984215, 0.9510848126232742, 0.9617357001972386]","[0.8675078864353313, 0.8564668769716088, 0.8375394321766562, 0.8578199052132701, 0.8562401263823065]"
"[0.9534333070244673, 0.9660615627466457, 0.9704025256511445, 0.9424063116370809, 0.9609467455621302]","[0.8454258675078864, 0.8438485804416404, 0.861198738170347, 0.8293838862559242, 0.8451816745655608]"
"[0.9775059194948698, 0.9704025256511445, 0.9640883977900553, 0.9633136094674556, 0.9585798816568047]","[0.8391167192429022, 0.8359621451104101, 0.8517350157728707, 0.8657187993680885, 0.8657187993680885]"
"[0.9759273875295975, 0.9711917916337806, 0.9901341752170482, 0.9818540433925049, 0.9775147928994082]","[0.8485804416403786, 0.8422712933753943, 0.8738170347003155, 0.8420221169036335, 0.8578199052132701]"
"[0.9822415153906867, 0.9794790844514601, 0.9850039463299132, 0.9731755424063117, 0.9810650887573964]","[0.8454258675078864, 0.8722397476340694, 0.8359621451104101, 0.8562401263823065, 0.8341232227488151]"
"[0.994475138121547, 0.9814522494080505, 0.9755327545382794, 0.9790927021696253, 0.9763313609467456]","[0.8643533123028391, 0.8485804416403786, 0.8170347003154574, 0.8625592417061612, 0.8404423380726699]"
"[0.9964483030781374, 0.9830307813733228, 0.9814522494080505, 0.988560157790927, 0.9921104536489151]","[0.8485804416403786, 0.8485804416403786, 0.8533123028391167, 0.8499210110584519, 0.8546603475513428]"
"[0.994475138121547, 0.999605367008682, 0.9877663772691397, 0.9897435897435898, 0.9798816568047337]","[0.8422712933753943, 0.8391167192429022, 0.886435331230284, 0.8641390205371248, 0.8467614533965245]"
"[1.0, 0.9917127071823204, 0.9853985793212312, 0.9877712031558186, 0.9751479289940829]","[0.8233438485804416, 0.8138801261829653, 0.862776025236593, 0.8246445497630331, 0.8278041074249605]"
"[0.989344909234412, 0.9940805051302289, 1.0, 0.9956607495069033, 0.9992110453648915]","[0.8580441640378549, 0.8422712933753943, 0.831230283911672, 0.8672985781990521, 0.8372827804107424]"
"[0.9940805051302289, 0.9932912391475928, 0.9936858721389108, 0.9980276134122288, 0.9854043392504931]","[0.8769716088328076, 0.8296529968454258, 0.8485804416403786, 0.8499210110584519, 0.8515007898894155]"
"[0.9936858721389108, 0.9928966061562746, 0.9972375690607734, 0.9794871794871794, 0.9992110453648915]","[0.8249211356466877, 0.8580441640378549, 0.8659305993690851, 0.8515007898894155, 0.8230647709320695]"
"[0.9980268350434096, 1.0, 0.9972375690607734, 0.991715976331361, 1.0]","[0.8343848580441641, 0.8438485804416404, 0.8454258675078864, 0.8325434439178515, 0.8309636650868878]"
